ID,DEPARTMENT,DATE ,CARBON (metric tonne),ELECTRICITY (kwh),WATER (m3)
1,Finance,1/1/18,18,15,0.8
731,Logistics,1/1/18,28,23,1.4
1461,IT,1/1/18,30,35,1.9
2,Finance,2/1/18,18.06,13.36,0.7
732,Logistics,2/1/18,29.04,23.59,1.4
1462,IT,2/1/18,28.35,34.99,1.8
3,Finance,3/1/18,16.18,12.87,1
733,Logistics,3/1/18,29.1,24.83,1.6
1463,IT,3/1/18,27.53,36.04,1.8
4,Finance,4/1/18,15.33,14.44,1.1
734,Logistics,4/1/18,28.41,23.23,1.9
1464,IT,4/1/18,27.32,34.46,1.7
5,Finance,5/1/18,15.29,14.78,1
735,Logistics,5/1/18,29.8,22.04,1.9
1465,IT,5/1/18,28.04,33.65,1.9
6,Finance,6/1/18,14.41,12.78,0.9
736,Logistics,6/1/18,29.6,21.23,2.1
1466,IT,6/1/18,28.08,32.11,2.1
7,Finance,7/1/18,12.93,14.77,1.1
737,Logistics,7/1/18,30.22,21.6,2
1467,IT,7/1/18,29.98,33.29,2
8,Finance,8/1/18,14.58,16.7,1.3
738,Logistics,8/1/18,28.39,20.85,2.2
1468,IT,8/1/18,29.38,31.3,2
9,Finance,9/1/18,16.24,18.79,1.6
739,Logistics,9/1/18,26.96,21.71,2.2
1469,IT,9/1/18,30.99,30.01,2.1
10,Finance,10/1/18,15.77,20.09,1.5
740,Logistics,10/1/18,28.3,19.82,2.1
1470,IT,10/1/18,31.62,29.94,2.2
11,Finance,11/1/18,16.32,18.73,1.5
741,Logistics,11/1/18,27.13,19.77,2.4
1471,IT,11/1/18,33.48,32.03,2.4
12,Finance,12/1/18,14.32,19.94,1.6
742,Logistics,12/1/18,28.87,19.24,2.3
1472,IT,12/1/18,35.26,31.24,2.6
13,Finance,13/1/18,16.03,20.13,1.9
743,Logistics,13/1/18,27.25,18.91,2.5
1473,IT,13/1/18,35.84,31.08,2.8
14,Finance,14/1/18,15.39,19.01,2.2
744,Logistics,14/1/18,26.98,19.81,2.8
1474,IT,14/1/18,35.81,29.28,2.7
15,Finance,15/1/18,16.35,17.08,2.5
745,Logistics,15/1/18,28.07,21.36,3
1475,IT,15/1/18,34.27,29.61,2.8
16,Finance,16/1/18,16.36,16.33,2.7
746,Logistics,16/1/18,26.83,23.33,3
1476,IT,16/1/18,33.68,30.33,3
17,Finance,17/1/18,17.03,16.23,2.6
747,Logistics,17/1/18,26.51,23.27,2.9
1477,IT,17/1/18,32.07,29.92,2.9
18,Finance,18/1/18,17.05,14.23,2.5
748,Logistics,18/1/18,27.25,24.52,2.8
1478,IT,18/1/18,33.9,31.12,2.8
19,Finance,19/1/18,16.07,12.5,2.7
749,Logistics,19/1/18,25.29,22.62,2.7
1479,IT,19/1/18,32.4,30.93,3.1
20,Finance,20/1/18,15.85,10.66,3
750,Logistics,20/1/18,24.43,24.03,2.7
1480,IT,20/1/18,33.18,30.98,3.3
21,Finance,21/1/18,15.95,12.59,3.1
751,Logistics,21/1/18,23.31,22.97,2.6
1481,IT,21/1/18,31.46,32.43,3.4
22,Finance,22/1/18,14.72,13.18,3.2
752,Logistics,22/1/18,21.5,23.4,2.7
1482,IT,22/1/18,29.62,33.23,3.3
23,Finance,23/1/18,13.67,12.45,3.4
753,Logistics,23/1/18,23.36,22.28,2.7
1483,IT,23/1/18,31.18,34.77,3.3
24,Finance,24/1/18,14.42,13.15,3.6
754,Logistics,24/1/18,24.72,21.78,2.9
1484,IT,24/1/18,33.06,35.78,3.5
25,Finance,25/1/18,13.71,13.47,3.6
755,Logistics,25/1/18,26.14,20.67,3.1
1485,IT,25/1/18,32.97,37.04,3.6
26,Finance,26/1/18,13.39,13.76,3.7
756,Logistics,26/1/18,26.37,21.25,3
1486,IT,26/1/18,33.01,37.94,3.9
27,Finance,27/1/18,15.41,15.74,3.9
757,Logistics,27/1/18,27.29,20.65,3.1
1487,IT,27/1/18,33.28,36.79,4.1
28,Finance,28/1/18,13.82,14.47,3.9
758,Logistics,28/1/18,27.63,22.32,3.3
1488,IT,28/1/18,34.87,37.41,4.2
29,Finance,29/1/18,13.02,13.17,4
759,Logistics,29/1/18,26.69,23.79,3.3
1489,IT,29/1/18,33.05,37.68,4.3
30,Finance,30/1/18,14.17,14.11,4.2
760,Logistics,30/1/18,28.4,25.8,3.5
1490,IT,30/1/18,32.97,39.74,4.3
31,Finance,31/1/18,16.04,12.87,4.1
761,Logistics,31/1/18,28.48,25.52,3.4
1491,IT,31/1/18,33.62,41.6,4.6
32,Finance,1/2/18,16.43,13.19,4.3
762,Logistics,1/2/18,27,25.11,3.4
1492,IT,1/2/18,35.22,43.46,4.8
33,Finance,2/2/18,16.89,12.38,4.6
763,Logistics,2/2/18,29.1,24.12,3.3
1493,IT,2/2/18,34.33,44.05,4.8
34,Finance,3/2/18,15,13.59,4.6
764,Logistics,3/2/18,28.84,23.31,3.3
1494,IT,3/2/18,33.14,43.82,4.8
35,Finance,4/2/18,13.06,15.23,4.7
765,Logistics,4/2/18,29.48,23.03,3.2
1495,IT,4/2/18,33.8,42.39,4.7
36,Finance,5/2/18,13.97,17.08,4.7
766,Logistics,5/2/18,30.09,22.08,3.2
1496,IT,5/2/18,33.39,40.87,4.6
37,Finance,6/2/18,12.16,17.05,4.8
767,Logistics,6/2/18,29.94,23.53,3.2
1497,IT,6/2/18,33.99,39.31,4.7
38,Finance,7/2/18,12.5,17.47,4.8
768,Logistics,7/2/18,31.26,21.76,3.4
1498,IT,7/2/18,32.38,38.83,5
39,Finance,8/2/18,10.83,18.07,4.9
769,Logistics,8/2/18,31.28,20.57,3.6
1499,IT,8/2/18,34.45,40.57,5.1
40,Finance,9/2/18,10.74,17.57,5.1
770,Logistics,9/2/18,32.02,19.37,3.7
1500,IT,9/2/18,33.13,40.09,5.2
41,Finance,10/2/18,11.98,19.42,5.2
771,Logistics,10/2/18,33.41,20.43,4
1501,IT,10/2/18,32.45,40.36,5.2
42,Finance,11/2/18,13.52,20.77,5.2
772,Logistics,11/2/18,33.8,21.59,4.3
1502,IT,11/2/18,32.29,41.01,5.2
43,Finance,12/2/18,14.02,21.57,5.3
773,Logistics,12/2/18,33.12,20.75,4.3
1503,IT,12/2/18,30.98,39.25,5.2
44,Finance,13/2/18,13.25,20.76,5.6
774,Logistics,13/2/18,33.4,19.85,4.4
1504,IT,13/2/18,30.12,39.14,5.1
45,Finance,14/2/18,11.98,20.47,5.8
775,Logistics,14/2/18,34.71,18.84,4.7
1505,IT,14/2/18,28.27,38.5,5
46,Finance,15/2/18,13.18,22.48,6
776,Logistics,15/2/18,35.51,18.36,4.9
1506,IT,15/2/18,27.09,39.81,5.1
47,Finance,16/2/18,14.9,21.37,6.3
777,Logistics,16/2/18,36.31,17.37,5.1
1507,IT,16/2/18,26.27,41.88,5.4
48,Finance,17/2/18,13.8,21.78,6.4
778,Logistics,17/2/18,36.94,16.74,5.1
1508,IT,17/2/18,26.94,41.94,5.7
49,Finance,18/2/18,13.45,20.21,6.5
779,Logistics,18/2/18,38.22,15.05,5
1509,IT,18/2/18,25.66,43.99,5.7
50,Finance,19/2/18,12.77,20.37,6.5
780,Logistics,19/2/18,37.04,15.5,5.1
1510,IT,19/2/18,25.99,42.48,6
51,Finance,20/2/18,11.48,22.14,6.6
781,Logistics,20/2/18,37.16,16.72,5.3
1511,IT,20/2/18,25.23,42.32,6.3
52,Finance,21/2/18,13.54,21.35,6.8
782,Logistics,21/2/18,38.81,15.63,5.5
1512,IT,21/2/18,26.65,44.01,6.2
53,Finance,22/2/18,15.06,22.96,6.8
783,Logistics,22/2/18,40.19,15.16,5.8
1513,IT,22/2/18,25.99,45.34,6.1
54,Finance,23/2/18,15.94,23.34,6.7
784,Logistics,23/2/18,41.22,16.66,5.9
1514,IT,23/2/18,26.92,45.24,6
55,Finance,24/2/18,17.48,22.26,6.8
785,Logistics,24/2/18,43.18,18.08,6.1
1515,IT,24/2/18,26.58,43.27,6.1
56,Finance,25/2/18,17.13,21.66,6.8
786,Logistics,25/2/18,41.79,19.84,6.1
1516,IT,25/2/18,26.11,45.29,6
57,Finance,26/2/18,18.7,21.9,7.1
787,Logistics,26/2/18,43.5,20,6.3
1517,IT,26/2/18,26.79,46.07,6
58,Finance,27/2/18,18.15,23.83,7.2
788,Logistics,27/2/18,44.02,19.59,6.4
1518,IT,27/2/18,25.11,44.44,5.9
59,Finance,28/2/18,17.87,24.02,7.2
789,Logistics,28/2/18,42.48,21.17,6.6
1519,IT,28/2/18,26.36,45.13,6.1
60,Finance,1/3/18,18.42,25.23,7.4
790,Logistics,1/3/18,42.87,21.65,6.6
1520,IT,1/3/18,24.43,46.45,6.1
61,Finance,2/3/18,19.88,27.33,7.6
791,Logistics,2/3/18,42.85,22.61,6.5
1521,IT,2/3/18,23.54,44.98,6.4
62,Finance,3/3/18,19.45,29.21,7.7
792,Logistics,3/3/18,43.03,24,6.8
1522,IT,3/3/18,23.24,45.04,6.7
63,Finance,4/3/18,21.54,30.45,7.6
793,Logistics,4/3/18,43.9,25.24,7.1
1523,IT,4/3/18,23.07,46.3,6.6
64,Finance,5/3/18,23.31,30.43,7.7
794,Logistics,5/3/18,44.03,26.1,7.1
1524,IT,5/3/18,24.81,46.51,6.6
65,Finance,6/3/18,23.73,32.07,7.6
795,Logistics,6/3/18,43.34,26.23,7.3
1525,IT,6/3/18,22.87,46.67,6.7
66,Finance,7/3/18,24.57,30.95,7.5
796,Logistics,7/3/18,42.6,27.81,7.3
1526,IT,7/3/18,23.84,48.2,6.9
67,Finance,8/3/18,25.12,29.41,7.7
797,Logistics,8/3/18,44.07,26.32,7.3
1527,IT,8/3/18,24.5,48.51,6.8
68,Finance,9/3/18,23.44,29.59,7.6
798,Logistics,9/3/18,46.13,26.26,7.3
1528,IT,9/3/18,24.87,48.9,7.1
69,Finance,10/3/18,22.49,28.28,7.8
799,Logistics,10/3/18,48.03,25.09,7.3
1529,IT,10/3/18,25.07,48.57,7.2
70,Finance,11/3/18,24.56,29.6,8
800,Logistics,11/3/18,49.78,25.86,7.5
1530,IT,11/3/18,25.62,50.5,7.5
71,Finance,12/3/18,23.36,30.45,8.1
801,Logistics,12/3/18,48.82,25.32,7.4
1531,IT,12/3/18,25.24,50.31,7.4
72,Finance,13/3/18,25.24,28.97,8
802,Logistics,13/3/18,48.39,24.12,7.4
1532,IT,13/3/18,24.69,48.53,7.4
73,Finance,14/3/18,26.23,30.55,8.2
803,Logistics,14/3/18,47.99,22.56,7.7
1533,IT,14/3/18,23.07,48.8,7.6
74,Finance,15/3/18,26.43,28.56,8.4
804,Logistics,15/3/18,46.11,23.37,7.6
1534,IT,15/3/18,25.08,48.28,7.6
75,Finance,16/3/18,27.42,30.25,8.6
805,Logistics,16/3/18,46.71,22.92,7.7
1535,IT,16/3/18,26.42,46.57,7.8
76,Finance,17/3/18,28.93,29.21,8.7
806,Logistics,17/3/18,47.74,24.58,7.8
1536,IT,17/3/18,27.52,46.33,8
77,Finance,18/3/18,30.03,27.93,8.8
807,Logistics,18/3/18,47.9,26.17,8.1
1537,IT,18/3/18,27.52,48.16,7.9
78,Finance,19/3/18,28.93,29.2,8.8
808,Logistics,19/3/18,47.1,24.72,8.2
1538,IT,19/3/18,25.71,49.28,8
79,Finance,20/3/18,27.99,30.33,8.9
809,Logistics,20/3/18,45.79,25.15,8.1
1539,IT,20/3/18,24.61,50.13,8.2
80,Finance,21/3/18,27.16,31.27,8.8
810,Logistics,21/3/18,44.6,26.2,8.4
1540,IT,21/3/18,25.31,49.07,8.5
81,Finance,22/3/18,27.33,30.51,9.1
811,Logistics,22/3/18,45.08,28.04,8.7
1541,IT,22/3/18,26.71,49.66,8.8
82,Finance,23/3/18,29.18,32.45,9
812,Logistics,23/3/18,44.17,26.14,8.8
1542,IT,23/3/18,24.94,51.54,9
83,Finance,24/3/18,28.63,31.55,9.2
813,Logistics,24/3/18,43.5,26.96,8.7
1543,IT,24/3/18,25.98,53.43,8.9
84,Finance,25/3/18,28.92,31.94,9.2
814,Logistics,25/3/18,44.37,26.82,8.8
1544,IT,25/3/18,24.8,52.69,8.9
85,Finance,26/3/18,29.81,30.43,9.2
815,Logistics,26/3/18,45.55,27.39,8.8
1545,IT,26/3/18,25.85,54.54,8.9
86,Finance,27/3/18,28.7,29.45,9.4
816,Logistics,27/3/18,45.7,25.95,8.7
1546,IT,27/3/18,27.24,54.61,8.8
87,Finance,28/3/18,27.64,27.46,9.7
817,Logistics,28/3/18,44.94,24.63,8.7
1547,IT,28/3/18,26.11,53.76,9
88,Finance,29/3/18,27.46,28.94,9.6
818,Logistics,29/3/18,43.02,24.11,9
1548,IT,29/3/18,27.47,53.12,9.3
89,Finance,30/3/18,29.5,28.84,9.5
819,Logistics,30/3/18,42.09,25.32,9.1
1549,IT,30/3/18,25.59,53.28,9.4
90,Finance,31/3/18,28.22,27.77,9.5
820,Logistics,31/3/18,41.23,25.32,9.2
1550,IT,31/3/18,24.33,51.97,9.3
91,Finance,1/4/18,28.9,26.76,9.5
821,Logistics,1/4/18,42.31,25.64,9.5
1551,IT,1/4/18,24.96,51.69,9.3
92,Finance,2/4/18,28.66,24.79,9.6
822,Logistics,2/4/18,43.68,27.12,9.7
1552,IT,2/4/18,24.66,50.01,9.2
93,Finance,3/4/18,28.82,24.98,9.9
823,Logistics,3/4/18,44.35,27.5,9.8
1553,IT,3/4/18,24.59,49.36,9.3
94,Finance,4/4/18,28.35,24.56,9.8
824,Logistics,4/4/18,44.68,29.52,9.9
1554,IT,4/4/18,22.86,51.03,9.2
95,Finance,5/4/18,26.84,24.66,10.1
825,Logistics,5/4/18,46.41,30.7,10.2
1555,IT,5/4/18,24.04,52.25,9.4
96,Finance,6/4/18,27.51,25.91,10.2
826,Logistics,6/4/18,46.77,29.02,10.5
1556,IT,6/4/18,24.07,53.64,9.3
97,Finance,7/4/18,27.46,26.11,10.3
827,Logistics,7/4/18,45.79,30.06,10.8
1557,IT,7/4/18,25.44,53.25,9.2
98,Finance,8/4/18,27.18,24.39,10.4
828,Logistics,8/4/18,44,29.79,10.9
1558,IT,8/4/18,24.52,53.72,9.2
99,Finance,9/4/18,27.73,24.78,10.5
829,Logistics,9/4/18,43.08,28.08,10.8
1559,IT,9/4/18,26.57,53.92,9.3
100,Finance,10/4/18,28.8,23.75,10.4
830,Logistics,10/4/18,41.43,28.85,11.1
1560,IT,10/4/18,25.16,54.04,9.2
101,Finance,11/4/18,29.38,24.51,10.4
831,Logistics,11/4/18,40.99,29.41,11.4
1561,IT,11/4/18,26.37,55.54,9.1
102,Finance,12/4/18,30.61,24.76,10.6
832,Logistics,12/4/18,39.32,30.84,11.5
1562,IT,12/4/18,26.14,55.21,9.2
103,Finance,13/4/18,30.65,25.91,10.6
833,Logistics,13/4/18,38.29,30.22,11.6
1563,IT,13/4/18,26.92,56.24,9.3
104,Finance,14/4/18,30.92,26.19,10.5
834,Logistics,14/4/18,37.72,30.77,11.6
1564,IT,14/4/18,27.24,57,9.4
105,Finance,15/4/18,29.12,26.56,10.4
835,Logistics,15/4/18,39.72,31.82,11.8
1565,IT,15/4/18,27.64,57.25,9.5
106,Finance,16/4/18,29.81,26.03,10.6
836,Logistics,16/4/18,39.86,32.6,12.1
1566,IT,16/4/18,26.22,57.84,9.6
107,Finance,17/4/18,29.73,25.38,10.7
837,Logistics,17/4/18,38.92,34.5,12.4
1567,IT,17/4/18,24.3,59.55,9.8
108,Finance,18/4/18,31.36,25.33,10.6
838,Logistics,18/4/18,39.83,34.27,12.7
1568,IT,18/4/18,23.54,58.69,9.8
109,Finance,19/4/18,32.72,24.31,10.6
839,Logistics,19/4/18,41.93,34.81,12.7
1569,IT,19/4/18,23.48,59.17,10.1
110,Finance,20/4/18,33.78,25.13,10.7
840,Logistics,20/4/18,42.4,34.85,13
1570,IT,20/4/18,21.55,58.92,10.2
111,Finance,21/4/18,34.52,27.12,10.7
841,Logistics,21/4/18,43.69,34.85,12.9
1571,IT,21/4/18,21.09,59.04,10.1
112,Finance,22/4/18,34.57,27.57,10.6
842,Logistics,22/4/18,43.15,34.21,13.1
1572,IT,22/4/18,22.54,58.4,10.4
113,Finance,23/4/18,33.23,27.42,10.6
843,Logistics,23/4/18,44.92,34.84,13
1573,IT,23/4/18,21.88,59.9,10.5
114,Finance,24/4/18,34.83,28.3,10.9
844,Logistics,24/4/18,43.2,35.36,13.1
1574,IT,24/4/18,21.88,61.58,10.6
115,Finance,25/4/18,33.4,26.81,11.1
845,Logistics,25/4/18,44.42,34.22,13
1575,IT,25/4/18,22.51,60.76,10.5
116,Finance,26/4/18,31.98,28.59,11.4
846,Logistics,26/4/18,45.55,35.33,13.2
1576,IT,26/4/18,21.98,62.54,10.8
117,Finance,27/4/18,30.46,26.87,11.5
847,Logistics,27/4/18,43.71,34.76,13.4
1577,IT,27/4/18,22.24,64.15,10.9
118,Finance,28/4/18,30.56,25.12,11.7
848,Logistics,28/4/18,45.47,33.19,13.6
1578,IT,28/4/18,20.59,63.59,10.9
119,Finance,29/4/18,29.03,25.21,11.7
849,Logistics,29/4/18,45.7,35.19,13.6
1579,IT,29/4/18,21.83,65.22,11
120,Finance,30/4/18,28.85,26.97,11.8
850,Logistics,30/4/18,46.76,36.33,13.5
1580,IT,30/4/18,21.27,64.75,11.2
121,Finance,1/5/18,30.93,28.24,11.7
851,Logistics,1/5/18,48.84,35.87,13.7
1581,IT,1/5/18,20.41,65.41,11.4
122,Finance,2/5/18,30.13,27.29,11.6
852,Logistics,2/5/18,47.46,33.93,14
1582,IT,2/5/18,19.49,65.43,11.6
123,Finance,3/5/18,29.24,28.85,11.6
853,Logistics,3/5/18,48.31,35.38,14.1
1583,IT,3/5/18,21.05,65.89,11.7
124,Finance,4/5/18,28.64,30.42,11.6
854,Logistics,4/5/18,48.42,34.23,14.2
1584,IT,4/5/18,19.41,66.1,11.6
125,Finance,5/5/18,28.4,29.42,11.5
855,Logistics,5/5/18,50.1,35.81,14.3
1585,IT,5/5/18,19.89,66.6,11.6
126,Finance,6/5/18,30.31,27.88,11.6
856,Logistics,6/5/18,48.74,37.25,14.4
1586,IT,6/5/18,18.98,68.23,11.5
127,Finance,7/5/18,31.36,26.12,11.7
857,Logistics,7/5/18,49.98,38.91,14.6
1587,IT,7/5/18,19.87,67.15,11.5
128,Finance,8/5/18,33.42,24.33,12
858,Logistics,8/5/18,51.68,38.63,14.6
1588,IT,8/5/18,19.65,67.17,11.8
129,Finance,9/5/18,32.01,25.1,12.1
859,Logistics,9/5/18,53.48,36.63,14.9
1589,IT,9/5/18,20.76,65.74,12
130,Finance,10/5/18,32.44,23.93,12.4
860,Logistics,10/5/18,52.1,35.76,14.8
1590,IT,10/5/18,18.99,65.95,12.3
131,Finance,11/5/18,34.1,24.14,12.6
861,Logistics,11/5/18,54.04,33.78,15.1
1591,IT,11/5/18,19.56,65.49,12.6
132,Finance,12/5/18,35.69,23.97,12.7
862,Logistics,12/5/18,52.95,35.44,15.2
1592,IT,12/5/18,18.19,66.19,12.7
133,Finance,13/5/18,34.44,23.71,12.8
863,Logistics,13/5/18,52.85,35.47,15.3
1593,IT,13/5/18,19.5,65.06,12.7
134,Finance,14/5/18,36.09,24.57,13
864,Logistics,14/5/18,51.54,35.36,15.5
1594,IT,14/5/18,20.04,66.46,12.9
135,Finance,15/5/18,38.08,25.25,13.3
865,Logistics,15/5/18,51.72,36.05,15.4
1595,IT,15/5/18,18.6,65.86,12.9
136,Finance,16/5/18,37.39,24.69,13.2
866,Logistics,16/5/18,50.37,35.32,15.5
1596,IT,16/5/18,18.1,66.8,13.2
137,Finance,17/5/18,39.07,25.39,13.2
867,Logistics,17/5/18,52.38,37.18,15.8
1597,IT,17/5/18,19.01,65.54,13.3
138,Finance,18/5/18,37.15,27.45,13.1
868,Logistics,18/5/18,50.57,38.63,15.9
1598,IT,18/5/18,18.12,64.63,13.2
139,Finance,19/5/18,36.79,27.96,13
869,Logistics,19/5/18,51.42,40.54,15.9
1599,IT,19/5/18,19.99,66.47,13.3
140,Finance,20/5/18,37.34,28.72,13
870,Logistics,20/5/18,50.26,42.56,16.2
1600,IT,20/5/18,18.49,66.02,13.6
141,Finance,21/5/18,38.49,27.04,13.1
871,Logistics,21/5/18,51.85,43.42,16.3
1601,IT,21/5/18,18.04,64.65,13.6
142,Finance,22/5/18,37.87,27.22,13.3
872,Logistics,22/5/18,50.85,42.77,16.5
1602,IT,22/5/18,19.27,64.13,13.6
143,Finance,23/5/18,37.01,28.3,13.6
873,Logistics,23/5/18,49.3,42.52,16.4
1603,IT,23/5/18,21.03,64.93,13.5
144,Finance,24/5/18,37.28,26.42,13.7
874,Logistics,24/5/18,48.66,43.47,16.5
1604,IT,24/5/18,20.58,66.18,13.6
145,Finance,25/5/18,36.58,26.96,13.9
875,Logistics,25/5/18,49.87,43.58,16.6
1605,IT,25/5/18,21.97,66.61,13.7
146,Finance,26/5/18,35.21,27.52,14.2
876,Logistics,26/5/18,50.83,41.74,16.9
1606,IT,26/5/18,21.17,67.24,13.6
147,Finance,27/5/18,33.44,27.77,14.4
877,Logistics,27/5/18,52.61,42.79,16.9
1607,IT,27/5/18,19.65,68.18,13.9
148,Finance,28/5/18,31.64,26.47,14.3
878,Logistics,28/5/18,54.66,43.97,17.1
1608,IT,28/5/18,20.97,69.8,14
149,Finance,29/5/18,30.97,26.3,14.4
879,Logistics,29/5/18,56.37,42.65,17.1
1609,IT,29/5/18,22.88,69.73,14.3
150,Finance,30/5/18,33.06,25.73,14.5
880,Logistics,30/5/18,55.81,41.25,17.4
1610,IT,30/5/18,23.71,70.33,14.5
151,Finance,31/5/18,34.2,24.13,14.4
881,Logistics,31/5/18,54.49,39.59,17.4
1611,IT,31/5/18,24.55,71.43,14.5
152,Finance,1/6/18,33.08,23.04,14.7
882,Logistics,1/6/18,52.82,39.61,17.4
1612,IT,1/6/18,24.33,69.87,14.8
153,Finance,2/6/18,34.29,21.87,14.6
883,Logistics,2/6/18,53.97,38.85,17.7
1613,IT,2/6/18,23.38,68.86,14.7
154,Finance,3/6/18,35.59,21.55,14.5
884,Logistics,3/6/18,52.31,40.5,17.7
1614,IT,3/6/18,24.01,67.85,15
155,Finance,4/6/18,36,21.41,14.6
885,Logistics,4/6/18,51.57,41.31,17.8
1615,IT,4/6/18,23.24,69.24,15.1
156,Finance,5/6/18,37.12,21.15,14.6
886,Logistics,5/6/18,51.11,43.06,18.1
1616,IT,5/6/18,21.48,67.91,15.2
157,Finance,6/6/18,35.9,19.67,14.5
887,Logistics,6/6/18,51.33,43.89,18
1617,IT,6/6/18,22.43,65.93,15.2
158,Finance,7/6/18,35.44,21.63,14.4
888,Logistics,7/6/18,51.88,43.44,18.1
1618,IT,7/6/18,20.74,65.38,15.2
159,Finance,8/6/18,36.66,21.32,14.3
889,Logistics,8/6/18,52.56,42.9,18
1619,IT,8/6/18,18.88,65.66,15.2
160,Finance,9/6/18,37.86,23.29,14.5
890,Logistics,9/6/18,54.52,41.1,18
1620,IT,9/6/18,18.83,66.48,15.5
161,Finance,10/6/18,38.68,25.19,14.6
891,Logistics,10/6/18,56.57,41.07,18
1621,IT,10/6/18,17.35,65.76,15.5
162,Finance,11/6/18,39.92,26.36,14.8
892,Logistics,11/6/18,56.7,42.91,17.9
1622,IT,11/6/18,15.66,64.52,15.7
163,Finance,12/6/18,40.65,25.69,14.9
893,Logistics,12/6/18,57.44,43.32,17.8
1623,IT,12/6/18,14.91,62.63,16
164,Finance,13/6/18,39.11,27.54,15.2
894,Logistics,13/6/18,56.25,42.39,17.8
1624,IT,13/6/18,16.37,61.63,16.1
165,Finance,14/6/18,39.81,25.94,15.1
895,Logistics,14/6/18,57.86,41.03,18.1
1625,IT,14/6/18,14.49,62.55,16.2
166,Finance,15/6/18,38.98,26.92,15.3
896,Logistics,15/6/18,58.65,42.67,18.3
1626,IT,15/6/18,15.32,62.09,16.1
167,Finance,16/6/18,38.64,26.79,15.5
897,Logistics,16/6/18,59.5,44.16,18.2
1627,IT,16/6/18,13.59,62.43,16
168,Finance,17/6/18,38.48,27.21,15.4
898,Logistics,17/6/18,58.26,45.07,18.1
1628,IT,17/6/18,15.45,60.53,16
169,Finance,18/6/18,37.49,27.49,15.4
899,Logistics,18/6/18,57.25,45.83,18
1629,IT,18/6/18,15.55,60.26,16.1
170,Finance,19/6/18,37.42,28.79,15.6
900,Logistics,19/6/18,55.8,46.53,18
1630,IT,19/6/18,14.85,60.38,16.4
171,Finance,20/6/18,36.28,27.78,15.9
901,Logistics,20/6/18,53.84,48.3,18.2
1631,IT,20/6/18,16.78,59.61,16.7
172,Finance,21/6/18,37.31,26.19,15.9
902,Logistics,21/6/18,54.57,47.57,18.2
1632,IT,21/6/18,16.93,59.6,16.8
173,Finance,22/6/18,38.82,28.01,15.8
903,Logistics,22/6/18,55.77,46.49,18.4
1633,IT,22/6/18,15.99,60.18,17.1
174,Finance,23/6/18,39.5,27.68,16
904,Logistics,23/6/18,54.82,46.63,18.5
1634,IT,23/6/18,14.95,58.82,17.1
175,Finance,24/6/18,39.12,27.84,16.1
905,Logistics,24/6/18,53.2,48.2,18.8
1635,IT,24/6/18,13.52,57.6,17.2
176,Finance,25/6/18,37.53,28.58,16.3
906,Logistics,25/6/18,51.52,48.7,19
1636,IT,25/6/18,13.35,59.12,17.5
177,Finance,26/6/18,37.44,30.44,16.5
907,Logistics,26/6/18,49.54,49.43,19.3
1637,IT,26/6/18,14.54,59.54,17.4
178,Finance,27/6/18,39.41,31.21,16.8
908,Logistics,27/6/18,50.48,50.1,19.4
1638,IT,27/6/18,16.44,61.17,17.6
179,Finance,28/6/18,38.33,32.09,16.8
909,Logistics,28/6/18,52.05,49.58,19.7
1639,IT,28/6/18,17.03,62.18,17.7
180,Finance,29/6/18,38.43,31.86,16.7
910,Logistics,29/6/18,51.25,48.58,19.8
1640,IT,29/6/18,17.96,60.23,17.6
181,Finance,30/6/18,38.44,31.07,16.7
911,Logistics,30/6/18,50.57,48.08,19.8
1641,IT,30/6/18,18.82,59.26,17.5
182,Finance,1/7/18,36.65,30.87,17
912,Logistics,1/7/18,49.55,48.98,19.9
1642,IT,1/7/18,20.53,59.67,17.5
183,Finance,2/7/18,38.51,32.47,17.2
913,Logistics,2/7/18,48.52,49.67,19.9
1643,IT,2/7/18,20.58,60.77,17.8
184,Finance,3/7/18,40.24,33.07,17.1
914,Logistics,3/7/18,49.34,49.56,20.2
1644,IT,3/7/18,20.22,62.29,18.1
185,Finance,4/7/18,42.01,31.43,17.3
915,Logistics,4/7/18,50.06,49.45,20.3
1645,IT,4/7/18,21.75,61.3,18.2
186,Finance,5/7/18,43.44,33.3,17.6
916,Logistics,5/7/18,51.19,50.51,20.3
1646,IT,5/7/18,21.31,59.38,18.2
187,Finance,6/7/18,42.56,31.69,17.6
917,Logistics,6/7/18,53.08,51.02,20.3
1647,IT,6/7/18,20.03,60.59,18.4
188,Finance,7/7/18,40.91,29.71,17.6
918,Logistics,7/7/18,54.38,49.05,20.6
1648,IT,7/7/18,20.24,62.12,18.4
189,Finance,8/7/18,42.45,31.42,17.7
919,Logistics,8/7/18,52.43,47.42,20.9
1649,IT,8/7/18,18.99,60.99,18.7
190,Finance,9/7/18,41.66,30.73,18
920,Logistics,9/7/18,51.7,45.45,21
1650,IT,9/7/18,19.14,62.01,18.6
191,Finance,10/7/18,41.54,30.23,18.1
921,Logistics,10/7/18,51.63,45.27,21.3
1651,IT,10/7/18,19.01,62.81,18.8
192,Finance,11/7/18,42.81,31.14,18.2
922,Logistics,11/7/18,52.5,43.39,21.3
1652,IT,11/7/18,19.46,61.9,18.9
193,Finance,12/7/18,44.72,31.5,18.4
923,Logistics,12/7/18,51.71,44.18,21.3
1653,IT,12/7/18,20.21,62.86,18.8
194,Finance,13/7/18,44.64,30.12,18.4
924,Logistics,13/7/18,53.04,43.72,21.5
1654,IT,13/7/18,22.29,61.77,19
195,Finance,14/7/18,46.41,30.14,18.3
925,Logistics,14/7/18,54.76,42.65,21.6
1655,IT,14/7/18,21.33,61.75,19.3
196,Finance,15/7/18,47.24,32.08,18.5
926,Logistics,15/7/18,56.76,44.12,21.8
1656,IT,15/7/18,23.37,61.38,19.5
197,Finance,16/7/18,46.33,30.51,18.5
927,Logistics,16/7/18,56.67,43.98,21.9
1657,IT,16/7/18,22.43,60.98,19.6
198,Finance,17/7/18,47.09,28.62,18.5
928,Logistics,17/7/18,57.74,42.09,21.9
1658,IT,17/7/18,22.75,60.99,19.8
199,Finance,18/7/18,46.48,26.73,18.5
929,Logistics,18/7/18,55.99,43.2,22.1
1659,IT,18/7/18,21.14,62.61,20.1
200,Finance,19/7/18,45.11,28.21,18.8
930,Logistics,19/7/18,57.1,42.34,22.3
1660,IT,19/7/18,21.43,64.53,20.4
201,Finance,20/7/18,44.11,27.56,19
931,Logistics,20/7/18,56.17,42.16,22.6
1661,IT,20/7/18,22.57,65.27,20.4
202,Finance,21/7/18,44.34,26.53,18.9
932,Logistics,21/7/18,54.38,43.93,22.7
1662,IT,21/7/18,20.65,64.88,20.7
203,Finance,22/7/18,44.47,26.5,18.9
933,Logistics,22/7/18,53.85,43.82,22.8
1663,IT,22/7/18,21.2,63.58,20.6
204,Finance,23/7/18,44.58,27.17,19.2
934,Logistics,23/7/18,54.65,44.97,23.1
1664,IT,23/7/18,21.13,65.19,20.7
205,Finance,24/7/18,43.83,26.56,19.2
935,Logistics,24/7/18,52.66,45.46,23.3
1665,IT,24/7/18,19.15,66.38,20.8
206,Finance,25/7/18,42.77,27.81,19.1
936,Logistics,25/7/18,53.39,46.81,23.4
1666,IT,25/7/18,18.36,68.45,21
207,Finance,26/7/18,42.72,27.8,19.3
937,Logistics,26/7/18,52.51,47.9,23.6
1667,IT,26/7/18,19.16,67.98,21.1
208,Finance,27/7/18,43.06,28.47,19.2
938,Logistics,27/7/18,53.67,46.8,23.7
1668,IT,27/7/18,18.31,67.69,21
209,Finance,28/7/18,43.08,27.6,19.3
939,Logistics,28/7/18,51.81,48.33,23.9
1669,IT,28/7/18,17.68,66.87,21.1
210,Finance,29/7/18,41.27,27.25,19.3
940,Logistics,29/7/18,52.02,49.43,23.8
1670,IT,29/7/18,15.91,66.3,21.2
211,Finance,30/7/18,40.08,26.38,19.4
941,Logistics,30/7/18,53.38,51.13,23.8
1671,IT,30/7/18,15.51,64.71,21.5
212,Finance,31/7/18,40.1,28.11,19.3
942,Logistics,31/7/18,51.65,51.12,24.1
1672,IT,31/7/18,16.14,64.86,21.8
213,Finance,1/8/18,39.31,29.24,19.5
943,Logistics,1/8/18,53.23,49.38,24.3
1673,IT,1/8/18,14.27,63.73,21.7
214,Finance,2/8/18,39.64,27.97,19.6
944,Logistics,2/8/18,53.86,49.6,24.2
1674,IT,2/8/18,13.01,62.28,21.7
215,Finance,3/8/18,40.12,28.03,19.5
945,Logistics,3/8/18,54.23,50.57,24.1
1675,IT,3/8/18,11.74,63.5,21.9
216,Finance,4/8/18,40.4,29.43,19.6
946,Logistics,4/8/18,55.13,52.29,24.2
1676,IT,4/8/18,10.18,65.01,21.8
217,Finance,5/8/18,38.58,31.19,19.7
947,Logistics,5/8/18,56.35,53.4,24.3
1677,IT,5/8/18,9.94,65.39,22
218,Finance,6/8/18,38.88,29.95,19.7
948,Logistics,6/8/18,55.81,52.94,24.5
1678,IT,6/8/18,11.16,66.25,22.2
219,Finance,7/8/18,38.15,29.52,19.7
949,Logistics,7/8/18,53.92,52.57,24.8
1679,IT,7/8/18,12.32,64.88,22.2
220,Finance,8/8/18,39.11,27.72,19.7
950,Logistics,8/8/18,53.11,52.81,24.7
1680,IT,8/8/18,11.55,63.98,22.2
221,Finance,9/8/18,41.13,28.45,20
951,Logistics,9/8/18,51.49,50.87,24.8
1681,IT,9/8/18,11.92,65.11,22.1
222,Finance,10/8/18,39.47,27.5,20.2
952,Logistics,10/8/18,52.67,50.23,25
1682,IT,10/8/18,10.25,66.75,22
223,Finance,11/8/18,41.36,27.75,20.3
953,Logistics,11/8/18,51.34,51.19,25.3
1683,IT,11/8/18,9.29,65.48,22.2
224,Finance,12/8/18,42.55,27.83,20.6
954,Logistics,12/8/18,52.28,49.55,25.3
1684,IT,12/8/18,7.39,66.06,22.3
225,Finance,13/8/18,43.37,29.56,20.9
955,Logistics,13/8/18,51.89,47.69,25.3
1685,IT,13/8/18,8.91,66.53,22.3
226,Finance,14/8/18,45.19,30.31,20.9
956,Logistics,14/8/18,49.96,46.38,25.6
1686,IT,14/8/18,10.67,65.55,22.2
227,Finance,15/8/18,44.18,29.41,21.2
957,Logistics,15/8/18,50.18,47.38,25.6
1687,IT,15/8/18,9.08,67,22.2
228,Finance,16/8/18,45.63,29.97,21.4
958,Logistics,16/8/18,48.59,49.26,25.6
1688,IT,16/8/18,8.77,69.01,22.2
229,Finance,17/8/18,43.94,31.69,21.5
959,Logistics,17/8/18,48.21,49.08,25.6
1689,IT,17/8/18,7.04,67.43,22.1
230,Finance,18/8/18,43.17,30.6,21.6
960,Logistics,18/8/18,48.04,50.52,25.5
1690,IT,18/8/18,6.84,68.46,22.3
231,Finance,19/8/18,42.71,31.32,21.5
961,Logistics,19/8/18,46.94,48.68,25.5
1691,IT,19/8/18,4.94,68.41,22.2
232,Finance,20/8/18,43.1,29.76,21.7
962,Logistics,20/8/18,47.22,49.44,25.5
1692,IT,20/8/18,4.65,70.19,22.3
233,Finance,21/8/18,41.33,31.78,21.8
963,Logistics,21/8/18,46.71,47.8,25.4
1693,IT,21/8/18,3.5,70.79,22.4
234,Finance,22/8/18,39.96,32.79,21.9
964,Logistics,22/8/18,48.26,46.23,25.4
1694,IT,22/8/18,1.85,72.61,22.7
235,Finance,23/8/18,41.58,31.31,21.9
965,Logistics,23/8/18,49.74,44.37,25.5
1695,IT,23/8/18,0.41,72.35,22.7
236,Finance,24/8/18,41.38,33.34,22
966,Logistics,24/8/18,50.68,42.53,25.5
1696,IT,24/8/18,2.25,70.44,22.7
237,Finance,25/8/18,40.67,33.28,22.1
967,Logistics,25/8/18,52.49,41.89,25.6
1697,IT,25/8/18,2.96,72.14,22.8
238,Finance,26/8/18,42.47,32.75,22
968,Logistics,26/8/18,52.93,42.89,25.7
1698,IT,26/8/18,4.76,71.17,22.8
239,Finance,27/8/18,42.18,31.36,22
969,Logistics,27/8/18,51.62,44.8,25.8
1699,IT,27/8/18,3.62,69.91,22.7
240,Finance,28/8/18,41.47,30.75,22
970,Logistics,28/8/18,52.76,43.86,26.1
1700,IT,28/8/18,3.47,70.32,22.8
241,Finance,29/8/18,41.65,29.84,22
971,Logistics,29/8/18,54.33,45.05,26.3
1701,IT,29/8/18,5.32,71.23,23
242,Finance,30/8/18,41.2,31.73,21.9
972,Logistics,30/8/18,52.45,47.02,26.4
1702,IT,30/8/18,3.88,70.78,23
243,Finance,31/8/18,39.21,33.19,22.2
973,Logistics,31/8/18,53.6,48.17,26.4
1703,IT,31/8/18,1.95,68.99,23
244,Finance,1/9/18,39.06,34.32,22.2
974,Logistics,1/9/18,53.34,46.97,26.3
1704,IT,1/9/18,3.4,70.98,23.2
245,Finance,2/9/18,37.6,33.01,22.5
975,Logistics,2/9/18,51.76,45.5,26.4
1705,IT,2/9/18,3.89,71.26,23.2
246,Finance,3/9/18,39.16,33.29,22.6
976,Logistics,3/9/18,50.88,47.21,26.3
1706,IT,3/9/18,4.1,70.15,23.4
247,Finance,4/9/18,40.52,35.12,22.5
977,Logistics,4/9/18,52.18,46.36,26.5
1707,IT,4/9/18,2.48,68.98,23.6
248,Finance,5/9/18,39.07,35.4,22.4
978,Logistics,5/9/18,52.3,47.82,26.6
1708,IT,5/9/18,3.89,67.59,23.6
249,Finance,6/9/18,39.17,37.01,22.5
979,Logistics,6/9/18,52.22,47.38,26.9
1709,IT,6/9/18,5.46,68.58,23.5
250,Finance,7/9/18,40.23,37.73,22.4
980,Logistics,7/9/18,53.34,49.04,27.2
1710,IT,7/9/18,5.35,69.87,23.4
251,Finance,8/9/18,38.69,37.89,22.5
981,Logistics,8/9/18,55.13,50.53,27.3
1711,IT,8/9/18,7.39,70.38,23.6
252,Finance,9/9/18,40.3,37.6,22.4
982,Logistics,9/9/18,54.64,52.25,27.6
1712,IT,9/9/18,7.27,69.69,23.8
253,Finance,10/9/18,40.97,38.83,22.4
983,Logistics,10/9/18,54.1,53.55,27.8
1713,IT,10/9/18,8.32,69.97,24.1
254,Finance,11/9/18,43.02,38.44,22.6
984,Logistics,11/9/18,55.05,52.21,27.8
1714,IT,11/9/18,6.97,71.06,24.1
255,Finance,12/9/18,44.64,38.35,22.9
985,Logistics,12/9/18,53.84,50.34,27.8
1715,IT,12/9/18,7.1,71.14,24
256,Finance,13/9/18,45.62,36.98,22.8
986,Logistics,13/9/18,54.28,50.15,27.9
1716,IT,13/9/18,8.47,71.96,24
257,Finance,14/9/18,46.41,35.1,22.7
987,Logistics,14/9/18,55.52,50.57,27.9
1717,IT,14/9/18,8.11,73.24,24.3
258,Finance,15/9/18,47.92,36.19,22.9
988,Logistics,15/9/18,55.78,51.55,28.1
1718,IT,15/9/18,8.35,74.03,24.5
259,Finance,16/9/18,46.18,34.36,23.1
989,Logistics,16/9/18,54.93,50.01,28.2
1719,IT,16/9/18,9.63,73.37,24.5
260,Finance,17/9/18,44.23,36.09,23
990,Logistics,17/9/18,53.75,50.22,28.5
1720,IT,17/9/18,8.04,72.71,24.7
261,Finance,18/9/18,42.71,35.66,23.1
991,Logistics,18/9/18,53.31,48.97,28.7
1721,IT,18/9/18,7.09,72.48,24.6
262,Finance,19/9/18,41.97,34.03,23.2
992,Logistics,19/9/18,54.6,50.55,28.8
1722,IT,19/9/18,5.12,71.94,24.9
263,Finance,20/9/18,41.4,34.93,23.3
993,Logistics,20/9/18,52.73,51.08,29
1723,IT,20/9/18,3.17,73.68,24.9
264,Finance,21/9/18,42,34.09,23.3
994,Logistics,21/9/18,51.61,51.57,29.3
1724,IT,21/9/18,2.34,72.93,25.1
265,Finance,22/9/18,43.38,34.95,23.4
995,Logistics,22/9/18,51.3,53.58,29.6
1725,IT,22/9/18,2.19,71.97,25.3
266,Finance,23/9/18,43.51,34.86,23.6
996,Logistics,23/9/18,50.5,54.47,29.7
1726,IT,23/9/18,1.51,70.84,25.5
267,Finance,24/9/18,44.85,34.74,23.8
997,Logistics,24/9/18,50.43,52.68,29.7
1727,IT,24/9/18,2.21,70.86,25.5
268,Finance,25/9/18,46.89,34.15,23.9
998,Logistics,25/9/18,48.78,52.31,29.7
1728,IT,25/9/18,1.12,71.12,25.4
269,Finance,26/9/18,48.02,36.16,24.2
999,Logistics,26/9/18,46.92,51.51,29.6
1729,IT,26/9/18,1,72.04,25.7
270,Finance,27/9/18,48.47,35.58,24.5
1000,Logistics,27/9/18,48.75,51.93,29.9
1730,IT,27/9/18,2.05,73.54,25.8
271,Finance,28/9/18,50.52,34.08,24.7
1001,Logistics,28/9/18,49.86,49.93,29.8
1731,IT,28/9/18,1.2,74.15,26
272,Finance,29/9/18,50.33,35.75,24.8
1002,Logistics,29/9/18,50.02,51.42,29.9
1732,IT,29/9/18,1.89,74.92,26.3
273,Finance,30/9/18,50.16,34.67,24.8
1003,Logistics,30/9/18,51.56,50.28,29.8
1733,IT,30/9/18,0.13,75.23,26.2
274,Finance,1/10/18,48.71,35.31,24.7
1004,Logistics,1/10/18,50.42,51.45,29.8
1734,IT,1/10/18,1.14,76.87,26.2
275,Finance,2/10/18,47.89,34.15,24.7
1005,Logistics,2/10/18,48.58,50.78,30.1
1735,IT,2/10/18,1.1,77.64,26.5
276,Finance,3/10/18,48.14,34.92,25
1006,Logistics,3/10/18,49.67,51.68,30.1
1736,IT,3/10/18,1.29,78.27,26.5
277,Finance,4/10/18,48.51,32.94,24.9
1007,Logistics,4/10/18,50.58,50.16,30.1
1737,IT,4/10/18,2.12,77.04,26.5
278,Finance,5/10/18,47.98,33.79,25
1008,Logistics,5/10/18,49.34,49.7,30.3
1738,IT,5/10/18,1.87,75.59,26.5
279,Finance,6/10/18,46.13,35.76,25
1009,Logistics,6/10/18,47.9,49.73,30.6
1739,IT,6/10/18,0.12,76.29,26.7
280,Finance,7/10/18,47.86,36.89,25.2
1010,Logistics,7/10/18,48.26,50.6,30.7
1740,IT,7/10/18,-1.4,77.13,26.9
281,Finance,8/10/18,49.53,36.57,25.4
1011,Logistics,8/10/18,48.84,49.6,30.8
1741,IT,8/10/18,-2.58,76.24,26.8
282,Finance,9/10/18,48.19,35.03,25.6
1012,Logistics,9/10/18,50.61,50.29,30.9
1742,IT,9/10/18,-1.26,76,27.1
283,Finance,10/10/18,49.74,35.1,25.7
1013,Logistics,10/10/18,49.81,49.45,31.2
1743,IT,10/10/18,-2.34,77.89,27
284,Finance,11/10/18,50.68,35.04,25.9
1014,Logistics,11/10/18,51.16,51.15,31.2
1744,IT,11/10/18,-0.91,79.67,27.2
285,Finance,12/10/18,50.22,34.3,26.1
1015,Logistics,12/10/18,51.34,50.05,31.4
1745,IT,12/10/18,-1.18,78.74,27.1
286,Finance,13/10/18,51.55,33,26.1
1016,Logistics,13/10/18,49.46,50.47,31.7
1746,IT,13/10/18,0.71,76.81,27.2
287,Finance,14/10/18,50.92,32.79,26.1
1017,Logistics,14/10/18,50.99,51.85,31.9
1747,IT,14/10/18,0.77,76.72,27.1
288,Finance,15/10/18,49.38,34.68,26.2
1018,Logistics,15/10/18,52.71,53.09,32
1748,IT,15/10/18,1.63,77.93,27.3
289,Finance,16/10/18,50.31,34.1,26.4
1019,Logistics,16/10/18,52.4,51.97,32.3
1749,IT,16/10/18,-0.01,77.64,27.6
290,Finance,17/10/18,49.37,35.52,26.7
1020,Logistics,17/10/18,50.84,52.54,32.4
1750,IT,17/10/18,0.05,78.05,27.8
291,Finance,18/10/18,50.6,36.28,26.7
1021,Logistics,18/10/18,49.31,50.75,32.4
1751,IT,18/10/18,1.59,78.59,28
292,Finance,19/10/18,49.13,34.57,26.8
1022,Logistics,19/10/18,47.57,51.39,32.6
1752,IT,19/10/18,3.34,79.04,27.9
293,Finance,20/10/18,47.45,33.27,26.9
1023,Logistics,20/10/18,47.45,52.38,32.5
1753,IT,20/10/18,1.55,80.83,27.9
294,Finance,21/10/18,49.3,35.09,26.9
1024,Logistics,21/10/18,45.49,51.85,32.6
1754,IT,21/10/18,2.12,79.14,27.8
295,Finance,22/10/18,49.78,35.54,26.9
1025,Logistics,22/10/18,44.81,51.51,32.5
1755,IT,22/10/18,2.1,80.12,28.1
296,Finance,23/10/18,50.35,35.5,26.9
1026,Logistics,23/10/18,44.44,50.17,32.7
1756,IT,23/10/18,3.72,78.7,28.4
297,Finance,24/10/18,49.1,33.94,27
1027,Logistics,24/10/18,44.36,48.87,32.7
1757,IT,24/10/18,3,77.93,28.6
298,Finance,25/10/18,48.44,35.48,27
1028,Logistics,25/10/18,42.99,47.12,32.9
1758,IT,25/10/18,3.03,78.07,28.6
299,Finance,26/10/18,49.53,34.57,27.2
1029,Logistics,26/10/18,41.18,47.22,32.9
1759,IT,26/10/18,2.51,79.11,28.7
300,Finance,27/10/18,49.36,35.51,27.4
1030,Logistics,27/10/18,40.28,46.22,32.8
1760,IT,27/10/18,2.6,81.2,28.6
301,Finance,28/10/18,48.59,37.42,27.5
1031,Logistics,28/10/18,41.63,46.91,32.8
1761,IT,28/10/18,2.3,83,28.7
302,Finance,29/10/18,49.93,36.48,27.7
1032,Logistics,29/10/18,39.69,48.64,33
1762,IT,29/10/18,1.44,81.83,28.8
303,Finance,30/10/18,48.48,36.83,27.9
1033,Logistics,30/10/18,39.72,47.66,33.1
1763,IT,30/10/18,1.4,81.56,29
304,Finance,31/10/18,49.11,37.39,28
1034,Logistics,31/10/18,40.09,49.69,33.4
1764,IT,31/10/18,2.12,81.12,28.9
305,Finance,1/11/18,48.26,37.17,28.3
1035,Logistics,1/11/18,38.42,49.11,33.4
1765,IT,1/11/18,3,81.95,28.8
306,Finance,2/11/18,50.12,37.17,28.5
1036,Logistics,2/11/18,39.26,47.68,33.7
1766,IT,2/11/18,4.06,82.69,28.7
307,Finance,3/11/18,50.64,38.56,28.4
1037,Logistics,3/11/18,40.38,48.1,33.9
1767,IT,3/11/18,3.18,81.55,29
308,Finance,4/11/18,52.19,39.47,28.6
1038,Logistics,4/11/18,41.01,49.54,34.2
1768,IT,4/11/18,3.31,80,29
309,Finance,5/11/18,50.43,38.07,28.8
1039,Logistics,5/11/18,43.08,47.59,34.2
1769,IT,5/11/18,2.41,81.98,29
310,Finance,6/11/18,51.51,38.08,29
1040,Logistics,6/11/18,44.01,47.04,34.4
1770,IT,6/11/18,4.51,83.2,28.9
311,Finance,7/11/18,51.02,36.09,29.3
1041,Logistics,7/11/18,44.84,47.09,34.3
1771,IT,7/11/18,3.23,81.53,29.1
312,Finance,8/11/18,51.48,36.32,29.2
1042,Logistics,8/11/18,43.68,45.85,34.6
1772,IT,8/11/18,4.41,82.38,29
313,Finance,9/11/18,49.93,35.67,29.1
1043,Logistics,9/11/18,41.83,47.49,34.5
1773,IT,9/11/18,3.7,80.56,28.9
314,Finance,10/11/18,51.84,35.89,29
1044,Logistics,10/11/18,42.86,46.04,34.6
1774,IT,10/11/18,5.77,79.97,28.8
315,Finance,11/11/18,49.96,36.69,28.9
1045,Logistics,11/11/18,42.79,45.47,34.6
1775,IT,11/11/18,4.08,79.24,28.9
316,Finance,12/11/18,50.25,37.52,29
1046,Logistics,12/11/18,42.05,43.52,34.8
1776,IT,12/11/18,4.39,79.69,28.8
317,Finance,13/11/18,50.18,37.27,29
1047,Logistics,13/11/18,41.85,45.37,34.9
1777,IT,13/11/18,5.49,79.45,28.9
318,Finance,14/11/18,51.17,39.17,28.9
1048,Logistics,14/11/18,40.66,45.32,34.8
1778,IT,14/11/18,3.81,77.52,29
319,Finance,15/11/18,50.73,40.82,29.1
1049,Logistics,15/11/18,41.76,45.89,35
1779,IT,15/11/18,5.21,78.65,29
320,Finance,16/11/18,51.04,41.22,29.3
1050,Logistics,16/11/18,42.06,47.51,35
1780,IT,16/11/18,6.08,79.06,29.1
321,Finance,17/11/18,50.07,41.11,29.3
1051,Logistics,17/11/18,41.89,48.84,35.1
1781,IT,17/11/18,7.71,78.85,29
322,Finance,18/11/18,49.22,41.34,29.5
1052,Logistics,18/11/18,43.12,50.87,35.3
1782,IT,18/11/18,8.03,80.28,29
323,Finance,19/11/18,49.21,43.25,29.5
1053,Logistics,19/11/18,44.74,50.94,35.6
1783,IT,19/11/18,8.81,81.26,29
324,Finance,20/11/18,50.1,43.93,29.6
1054,Logistics,20/11/18,42.79,49.21,35.6
1784,IT,20/11/18,10.31,82.1,28.9
325,Finance,21/11/18,51.87,44.28,29.5
1055,Logistics,21/11/18,43.83,48.73,35.5
1785,IT,21/11/18,9.18,84.13,29.2
326,Finance,22/11/18,51.7,45.24,29.5
1056,Logistics,22/11/18,45.5,50.46,35.5
1786,IT,22/11/18,9.64,86.21,29.1
327,Finance,23/11/18,53.4,47.08,29.6
1057,Logistics,23/11/18,45.98,51.11,35.6
1787,IT,23/11/18,8.47,84.46,29
328,Finance,24/11/18,53.32,46.4,29.9
1058,Logistics,24/11/18,46.3,51.06,35.5
1788,IT,24/11/18,7.51,83.26,29.1
329,Finance,25/11/18,54.29,46.23,30.2
1059,Logistics,25/11/18,46.33,51.64,35.4
1789,IT,25/11/18,8.86,81.36,29.4
330,Finance,26/11/18,53.66,46.91,30.5
1060,Logistics,26/11/18,47.29,51.26,35.6
1790,IT,26/11/18,6.98,82.56,29.6
331,Finance,27/11/18,55.34,45.6,30.8
1061,Logistics,27/11/18,47.64,49.54,35.6
1791,IT,27/11/18,6.32,81.93,29.9
332,Finance,28/11/18,56.52,45.95,31.1
1062,Logistics,28/11/18,45.71,47.65,35.8
1792,IT,28/11/18,6.11,83.47,29.9
333,Finance,29/11/18,57.55,46.07,31.2
1063,Logistics,29/11/18,45.92,47.12,35.8
1793,IT,29/11/18,4.49,84.43,29.9
334,Finance,30/11/18,57.67,45.93,31.3
1064,Logistics,30/11/18,45.12,45.83,35.9
1794,IT,30/11/18,4.81,85.92,30.2
335,Finance,1/12/18,57.16,47.16,31.5
1065,Logistics,1/12/18,44.35,44.03,36.2
1795,IT,1/12/18,4.97,86.23,30.4
336,Finance,2/12/18,56.61,49.25,31.7
1066,Logistics,2/12/18,42.92,43.94,36.3
1796,IT,2/12/18,6.27,84.68,30.6
337,Finance,3/12/18,57.35,50.74,31.6
1067,Logistics,3/12/18,43.61,43.55,36.2
1797,IT,3/12/18,7.71,83.23,30.5
338,Finance,4/12/18,56.96,50.95,31.5
1068,Logistics,4/12/18,44.89,44.08,36.2
1798,IT,4/12/18,7.7,82.38,30.5
339,Finance,5/12/18,56.84,52.5,31.8
1069,Logistics,5/12/18,46.66,42.24,36.3
1799,IT,5/12/18,7.25,83.87,30.4
340,Finance,6/12/18,58.18,50.54,31.7
1070,Logistics,6/12/18,46.45,42.53,36.6
1800,IT,6/12/18,9.2,84.41,30.4
341,Finance,7/12/18,59.07,52.62,31.7
1071,Logistics,7/12/18,47.86,40.78,36.6
1801,IT,7/12/18,9.67,83.14,30.4
342,Finance,8/12/18,57.24,52.27,31.7
1072,Logistics,8/12/18,47.24,42.17,36.5
1802,IT,8/12/18,9.97,83.94,30.3
343,Finance,9/12/18,56.55,50.65,31.9
1073,Logistics,9/12/18,45.51,41.22,36.5
1803,IT,9/12/18,10.82,85.24,30.6
344,Finance,10/12/18,54.85,48.98,31.9
1074,Logistics,10/12/18,43.97,43.32,36.6
1804,IT,10/12/18,12.45,83.86,30.5
345,Finance,11/12/18,55.28,47.08,31.9
1075,Logistics,11/12/18,44.71,43.82,36.7
1805,IT,11/12/18,11.92,84.59,30.7
346,Finance,12/12/18,53.87,47.31,31.9
1076,Logistics,12/12/18,46.79,43.55,36.6
1806,IT,12/12/18,13.98,83.72,30.6
347,Finance,13/12/18,53.21,47.7,31.9
1077,Logistics,13/12/18,48.88,45.02,36.7
1807,IT,13/12/18,12.29,84.58,30.6
348,Finance,14/12/18,52.23,49.06,31.8
1078,Logistics,14/12/18,50.59,43.46,36.7
1808,IT,14/12/18,13.39,85.89,30.8
349,Finance,15/12/18,51.46,50.76,31.8
1079,Logistics,15/12/18,49.78,43.88,36.6
1809,IT,15/12/18,15.35,84.1,30.7
350,Finance,16/12/18,52.81,49.7,32.1
1080,Logistics,16/12/18,48.65,45.7,36.5
1810,IT,16/12/18,15.19,83.46,30.6
351,Finance,17/12/18,54.47,48.13,32.3
1081,Logistics,17/12/18,50.34,44.56,36.4
1811,IT,17/12/18,15.38,83.65,30.6
352,Finance,18/12/18,56.26,49.05,32.3
1082,Logistics,18/12/18,49.17,45.79,36.5
1812,IT,18/12/18,14.68,83.7,30.5
353,Finance,19/12/18,56.37,48.67,32.2
1083,Logistics,19/12/18,51.23,47.27,36.6
1813,IT,19/12/18,16.08,84.24,30.7
354,Finance,20/12/18,58.17,48.61,32.2
1084,Logistics,20/12/18,51.31,46.7,36.5
1814,IT,20/12/18,17.29,83.35,30.6
355,Finance,21/12/18,59.68,46.69,32.3
1085,Logistics,21/12/18,50.75,48.26,36.5
1815,IT,21/12/18,18.82,83.59,30.9
356,Finance,22/12/18,59.69,44.74,32.2
1086,Logistics,22/12/18,51.97,46.89,36.7
1816,IT,22/12/18,17.26,83,31.1
357,Finance,23/12/18,58.17,44.79,32.4
1087,Logistics,23/12/18,51.19,48.76,36.6
1817,IT,23/12/18,17.02,83.68,31.1
358,Finance,24/12/18,56.22,46.85,32.4
1088,Logistics,24/12/18,49.97,47.12,36.8
1818,IT,24/12/18,15.25,83.95,31.2
359,Finance,25/12/18,57.71,44.86,32.5
1089,Logistics,25/12/18,51.79,47.47,36.9
1819,IT,25/12/18,15.04,82.04,31.1
360,Finance,26/12/18,57.37,43.58,32.5
1090,Logistics,26/12/18,51.14,48.24,37
1820,IT,26/12/18,14.01,80.53,31.3
361,Finance,27/12/18,59.2,43.63,32.5
1091,Logistics,27/12/18,50.36,47.72,36.9
1821,IT,27/12/18,12.3,79.74,31.2
362,Finance,28/12/18,58.74,42.4,32.6
1092,Logistics,28/12/18,52.1,45.85,37.1
1822,IT,28/12/18,11.61,81.7,31.5
363,Finance,29/12/18,57.54,42.88,32.7
1093,Logistics,29/12/18,51.85,44.71,37.1
1823,IT,29/12/18,10.52,80.13,31.7
364,Finance,30/12/18,57.86,44.13,32.7
1094,Logistics,30/12/18,50.24,45.83,37.2
1824,IT,30/12/18,11.65,79.88,31.9
365,Finance,31/12/18,57.63,45.24,32.6
1095,Logistics,31/12/18,50.5,47.51,37.4
1825,IT,31/12/18,10.42,79.62,31.8
366,Finance,1/1/19,55.81,45.81,32.6
1096,Logistics,1/1/19,50.02,46.94,37.3
1826,IT,1/1/19,11.44,79.4,32
367,Finance,2/1/19,55.31,47.8,32.7
1097,Logistics,2/1/19,50.25,45.51,37.4
1827,IT,2/1/19,13.15,78.97,31.9
368,Finance,3/1/19,55.16,47.62,32.6
1098,Logistics,3/1/19,48.63,44.49,37.3
1828,IT,3/1/19,13.53,79.77,31.9
369,Finance,4/1/19,56.2,45.76,32.5
1099,Logistics,4/1/19,48.37,44.61,37.5
1829,IT,4/1/19,12.48,81.48,31.9
370,Finance,5/1/19,56.21,44.71,32.5
1100,Logistics,5/1/19,48.7,43.28,37.5
1830,IT,5/1/19,12.29,79.67,31.8
371,Finance,6/1/19,55.47,45.39,32.8
1101,Logistics,6/1/19,46.75,43.13,37.6
1831,IT,6/1/19,14.12,80.11,31.9
372,Finance,7/1/19,53.47,45.43,32.9
1102,Logistics,7/1/19,47.87,43.82,37.9
1832,IT,7/1/19,14.52,80.44,31.9
373,Finance,8/1/19,55.52,44.4,33
1103,Logistics,8/1/19,47.25,43.67,38.1
1833,IT,8/1/19,16.04,82.46,32.1
374,Finance,9/1/19,55.92,44,33
1104,Logistics,9/1/19,46.34,45.32,38.1
1834,IT,9/1/19,17.84,82.81,32.4
375,Finance,10/1/19,54.52,43.08,33.3
1105,Logistics,10/1/19,45.57,43.97,38.2
1835,IT,10/1/19,18.68,81.85,32.7
376,Finance,11/1/19,55.11,42.46,33.4
1106,Logistics,11/1/19,46.71,43.02,38.4
1836,IT,11/1/19,20.22,80.19,32.6
377,Finance,12/1/19,57.11,43.79,33.4
1107,Logistics,12/1/19,47.16,43.88,38.6
1837,IT,12/1/19,19.02,80.9,32.8
378,Finance,13/1/19,56.44,44.33,33.4
1108,Logistics,13/1/19,46.42,42.13,38.8
1838,IT,13/1/19,20.49,80.14,33.1
379,Finance,14/1/19,56.19,44.15,33.4
1109,Logistics,14/1/19,48.51,43.48,38.8
1839,IT,14/1/19,18.52,81.29,33
380,Finance,15/1/19,54.63,43.85,33.7
1110,Logistics,15/1/19,46.66,42.15,38.9
1840,IT,15/1/19,17.35,79.63,33.2
381,Finance,16/1/19,54.59,44.9,34
1111,Logistics,16/1/19,48.11,41.63,39.2
1841,IT,16/1/19,17.73,77.95,33.4
382,Finance,17/1/19,56.44,43.64,34.1
1112,Logistics,17/1/19,46.44,39.67,39.1
1842,IT,17/1/19,16.67,79.21,33.3
383,Finance,18/1/19,55.82,45.52,34.2
1113,Logistics,18/1/19,46.96,40.66,39.1
1843,IT,18/1/19,15.26,78.69,33.3
384,Finance,19/1/19,57.63,47.08,34.5
1114,Logistics,19/1/19,46.88,42.56,39.2
1844,IT,19/1/19,13.73,77.47,33.2
385,Finance,20/1/19,59.52,45.28,34.8
1115,Logistics,20/1/19,48.83,41.7,39.1
1845,IT,20/1/19,15.8,77.27,33.1
386,Finance,21/1/19,58.66,43.7,35
1116,Logistics,21/1/19,47.05,40.52,39
1846,IT,21/1/19,14.54,76.26,33.1
387,Finance,22/1/19,60.49,45.28,35.3
1117,Logistics,22/1/19,46.3,42.54,39.1
1847,IT,22/1/19,14.65,77.47,33.1
388,Finance,23/1/19,61.81,45.84,35.6
1118,Logistics,23/1/19,46.66,40.54,39.4
1848,IT,23/1/19,14.65,75.67,33.4
389,Finance,24/1/19,60.76,45.36,35.6
1119,Logistics,24/1/19,44.69,39.94,39.3
1849,IT,24/1/19,16.57,74.56,33.6
390,Finance,25/1/19,59.01,44.23,35.8
1120,Logistics,25/1/19,43.55,41.03,39.4
1850,IT,25/1/19,15.72,76.55,33.5
391,Finance,26/1/19,60.58,43.03,36.1
1121,Logistics,26/1/19,43.15,40.94,39.6
1851,IT,26/1/19,16.79,78.34,33.5
392,Finance,27/1/19,59.33,42.07,36.3
1122,Logistics,27/1/19,44.38,39.01,39.5
1852,IT,27/1/19,17.68,79.98,33.5
393,Finance,28/1/19,61.36,42.94,36.6
1123,Logistics,28/1/19,45.99,38.6,39.4
1853,IT,28/1/19,19.1,80.95,33.7
394,Finance,29/1/19,60.26,42.2,36.7
1124,Logistics,29/1/19,45.56,38.5,39.7
1854,IT,29/1/19,19.17,79.84,33.6
395,Finance,30/1/19,58.51,43.11,36.9
1125,Logistics,30/1/19,43.91,38.45,39.6
1855,IT,30/1/19,18.44,79.89,33.9
396,Finance,31/1/19,57.14,41.63,36.8
1126,Logistics,31/1/19,42.41,39.72,39.7
1856,IT,31/1/19,17.91,79,34
397,Finance,1/2/19,56.3,40.78,37.1
1127,Logistics,1/2/19,44.25,38.98,39.6
1857,IT,1/2/19,17.06,77.86,34.3
398,Finance,2/2/19,56.67,40.96,37.4
1128,Logistics,2/2/19,45.52,38.37,39.7
1858,IT,2/2/19,19.16,77.43,34.6
399,Finance,3/2/19,56.95,41.36,37.4
1129,Logistics,3/2/19,47.46,39.71,39.7
1859,IT,3/2/19,21.17,77.57,34.9
400,Finance,4/2/19,56.91,43.38,37.6
1130,Logistics,4/2/19,48.76,39.63,39.6
1860,IT,4/2/19,20.21,77.08,34.8
401,Finance,5/2/19,56.77,42.28,37.6
1131,Logistics,5/2/19,47.33,39.56,39.7
1861,IT,5/2/19,20.94,75.87,34.9
402,Finance,6/2/19,56.43,41.18,37.8
1132,Logistics,6/2/19,46.08,39.04,39.6
1862,IT,6/2/19,19.46,74.7,34.8
403,Finance,7/2/19,55.65,42.52,38
1133,Logistics,7/2/19,46.88,38.2,39.6
1863,IT,7/2/19,20.34,73.31,35.1
404,Finance,8/2/19,53.67,41.03,38.1
1134,Logistics,8/2/19,46.21,38.04,39.6
1864,IT,8/2/19,18.51,74.69,35.1
405,Finance,9/2/19,53.47,41.83,38.3
1135,Logistics,9/2/19,45.31,38.24,39.9
1865,IT,9/2/19,19.58,73.76,35.4
406,Finance,10/2/19,53.03,42.08,38.4
1136,Logistics,10/2/19,46.47,39.33,39.8
1866,IT,10/2/19,20.45,72.66,35.7
407,Finance,11/2/19,54.63,40.18,38.4
1137,Logistics,11/2/19,45.5,39.12,40
1867,IT,11/2/19,19.81,71.92,35.7
408,Finance,12/2/19,56.57,39.96,38.5
1138,Logistics,12/2/19,44.68,38.35,40.3
1868,IT,12/2/19,19.43,73.96,36
409,Finance,13/2/19,55.63,41.94,38.7
1139,Logistics,13/2/19,43.64,36.96,40.4
1869,IT,13/2/19,21.22,74.83,36.1
410,Finance,14/2/19,54.42,41.72,38.6
1140,Logistics,14/2/19,44.97,36.89,40.3
1870,IT,14/2/19,19.33,75.22,36.3
411,Finance,15/2/19,54.32,39.96,38.6
1141,Logistics,15/2/19,45.63,35.6,40.3
1871,IT,15/2/19,17.35,74.17,36.6
412,Finance,16/2/19,55.8,41.91,38.6
1142,Logistics,16/2/19,46.17,35.51,40.3
1872,IT,16/2/19,17.32,73.45,36.6
413,Finance,17/2/19,55.73,41.98,38.5
1143,Logistics,17/2/19,45.72,35.7,40.2
1873,IT,17/2/19,15.46,72.09,36.6
414,Finance,18/2/19,56.79,42.94,38.7
1144,Logistics,18/2/19,44.17,36.15,40.4
1874,IT,18/2/19,17.39,70.48,36.6
415,Finance,19/2/19,58.33,43,38.8
1145,Logistics,19/2/19,42.6,34.4,40.4
1875,IT,19/2/19,16.83,68.71,36.9
416,Finance,20/2/19,59.89,44.19,39
1146,Logistics,20/2/19,43.76,32.72,40.6
1876,IT,20/2/19,16.75,70.13,37
417,Finance,21/2/19,60.05,42.38,39
1147,Logistics,21/2/19,42.39,33.84,40.8
1877,IT,21/2/19,15.31,68.63,37.3
418,Finance,22/2/19,58.56,44.22,39.3
1148,Logistics,22/2/19,43.25,34.2,40.7
1878,IT,22/2/19,15.29,70.4,37.5
419,Finance,23/2/19,58.81,43.12,39.6
1149,Logistics,23/2/19,43.63,35.34,40.6
1879,IT,23/2/19,13.72,71.27,37.7
420,Finance,24/2/19,58.94,42.39,39.7
1150,Logistics,24/2/19,44.38,35.69,40.9
1880,IT,24/2/19,14.95,73.35,37.8
421,Finance,25/2/19,58.13,43.14,39.6
1151,Logistics,25/2/19,44.56,37.01,41
1881,IT,25/2/19,15.8,71.8,37.9
422,Finance,26/2/19,57.22,42.13,39.5
1152,Logistics,26/2/19,44.51,36.83,41.3
1882,IT,26/2/19,13.9,69.91,37.8
423,Finance,27/2/19,55.55,41.1,39.5
1153,Logistics,27/2/19,45.74,37.33,41.3
1883,IT,27/2/19,15.85,68.57,38.1
424,Finance,28/2/19,54.61,39.25,39.5
1154,Logistics,28/2/19,44.72,37.73,41.3
1884,IT,28/2/19,16.94,70.01,38
425,Finance,1/3/19,55.81,37.7,39.7
1155,Logistics,1/3/19,43.56,38.25,41.4
1885,IT,1/3/19,16.83,71.32,37.9
426,Finance,2/3/19,57.17,37.08,39.8
1156,Logistics,2/3/19,43.39,38.53,41.4
1886,IT,2/3/19,18.6,71.31,37.9
427,Finance,3/3/19,56.22,38.35,40.1
1157,Logistics,3/3/19,44.11,40.46,41.3
1887,IT,3/3/19,20.39,73.32,37.9
428,Finance,4/3/19,56.61,38.91,40.3
1158,Logistics,4/3/19,42.41,40.94,41.4
1888,IT,4/3/19,20.53,73.32,38.1
429,Finance,5/3/19,58.42,37.35,40.3
1159,Logistics,5/3/19,42.35,41.29,41.3
1889,IT,5/3/19,21.36,73.1,38
430,Finance,6/3/19,59.64,35.46,40.6
1160,Logistics,6/3/19,42.15,39.63,41.5
1890,IT,6/3/19,22.19,72.57,38.3
431,Finance,7/3/19,58.02,36.57,40.6
1161,Logistics,7/3/19,40.52,39.08,41.5
1891,IT,7/3/19,23.68,71.1,38.4
432,Finance,8/3/19,58.8,36.96,40.7
1162,Logistics,8/3/19,38.75,38.37,41.4
1892,IT,8/3/19,22.59,69.85,38.5
433,Finance,9/3/19,59.05,35.82,40.7
1163,Logistics,9/3/19,39.32,37.2,41.3
1893,IT,9/3/19,21.19,69.41,38.8
434,Finance,10/3/19,57.4,35.77,41
1164,Logistics,10/3/19,40.31,35.5,41.4
1894,IT,10/3/19,22.82,68.5,39.1
435,Finance,11/3/19,56.69,36.21,41.1
1165,Logistics,11/3/19,41.86,36.71,41.4
1895,IT,11/3/19,24.2,70.09,39.3
436,Finance,12/3/19,57.18,37.18,41.1
1166,Logistics,12/3/19,40.95,37.62,41.6
1896,IT,12/3/19,25.26,70.32,39.3
437,Finance,13/3/19,56.26,38.09,41.1
1167,Logistics,13/3/19,40.33,37.75,41.9
1897,IT,13/3/19,25.6,72.05,39.4
438,Finance,14/3/19,55.09,40.19,41
1168,Logistics,14/3/19,39.99,38.81,42
1898,IT,14/3/19,24.47,74.03,39.5
439,Finance,15/3/19,57.01,42.13,41
1169,Logistics,15/3/19,39.21,37.24,42.3
1899,IT,15/3/19,23.67,72.23,39.7
440,Finance,16/3/19,57.71,42.85,41.1
1170,Logistics,16/3/19,37.7,38.19,42.3
1900,IT,16/3/19,23.38,71.41,39.6
441,Finance,17/3/19,56.74,43.78,41
1171,Logistics,17/3/19,36.75,38.06,42.6
1901,IT,17/3/19,23.23,70.9,39.9
442,Finance,18/3/19,56.24,45.08,41.2
1172,Logistics,18/3/19,37.32,37.02,42.5
1902,IT,18/3/19,23.84,72.52,39.8
443,Finance,19/3/19,54.78,45.53,41.3
1173,Logistics,19/3/19,36.84,37.75,42.5
1903,IT,19/3/19,22.95,72.9,40
444,Finance,20/3/19,55.43,46.07,41.3
1174,Logistics,20/3/19,34.97,37.61,42.7
1904,IT,20/3/19,23.63,74.99,40
445,Finance,21/3/19,54.19,46.45,41.5
1175,Logistics,21/3/19,33.51,37.63,42.9
1905,IT,21/3/19,23.18,73.39,40.2
446,Finance,22/3/19,54.65,44.45,41.4
1176,Logistics,22/3/19,33.87,39.43,43
1906,IT,22/3/19,23.22,74.31,40.2
447,Finance,23/3/19,56.25,42.54,41.7
1177,Logistics,23/3/19,34.14,40.36,43.3
1907,IT,23/3/19,22.87,74.14,40.2
448,Finance,24/3/19,57.41,43.22,41.9
1178,Logistics,24/3/19,35.02,40.81,43.3
1908,IT,24/3/19,22.82,73.89,40.3
449,Finance,25/3/19,55.5,43.62,41.9
1179,Logistics,25/3/19,33.92,40.74,43.2
1909,IT,25/3/19,23.51,74.32,40.3
450,Finance,26/3/19,55.17,43.14,42.1
1180,Logistics,26/3/19,35.34,42.45,43.3
1910,IT,26/3/19,22.24,72.41,40.5
451,Finance,27/3/19,55.98,42.34,42.2
1181,Logistics,27/3/19,37.06,42.49,43.5
1911,IT,27/3/19,23.49,71.72,40.5
452,Finance,28/3/19,55.99,41.79,42.1
1182,Logistics,28/3/19,35.34,43.98,43.4
1912,IT,28/3/19,21.97,73.48,40.6
453,Finance,29/3/19,54.01,39.86,42.1
1183,Logistics,29/3/19,36.9,45.9,43.3
1913,IT,29/3/19,22.91,72.21,40.7
454,Finance,30/3/19,55.13,40.55,42.4
1184,Logistics,30/3/19,37.53,47.69,43.5
1914,IT,30/3/19,22.5,72.85,40.8
455,Finance,31/3/19,53.32,38.72,42.4
1185,Logistics,31/3/19,37.63,45.97,43.5
1915,IT,31/3/19,23.95,73.07,40.8
456,Finance,1/4/19,54.21,39.17,42.3
1186,Logistics,1/4/19,37.06,45.11,43.7
1916,IT,1/4/19,23.08,72.65,41
457,Finance,2/4/19,53.85,40.33,42.5
1187,Logistics,2/4/19,38.07,43.68,43.9
1917,IT,2/4/19,23.34,70.93,41.2
458,Finance,3/4/19,54.45,41.56,42.5
1188,Logistics,3/4/19,39.23,42.06,43.8
1918,IT,3/4/19,24.35,71.65,41.1
459,Finance,4/4/19,52.96,39.81,42.5
1189,Logistics,4/4/19,38.13,42.95,43.8
1919,IT,4/4/19,26.44,73.57,41.4
460,Finance,5/4/19,51.98,41.63,42.7
1190,Logistics,5/4/19,38.31,44.57,44
1920,IT,5/4/19,25.07,72.95,41.6
461,Finance,6/4/19,52.14,42.15,42.7
1191,Logistics,6/4/19,39.47,44.83,44.1
1921,IT,6/4/19,23.22,74.02,41.9
462,Finance,7/4/19,53.17,44.16,42.7
1192,Logistics,7/4/19,39.24,44.96,44.3
1922,IT,7/4/19,22.3,72.09,42
463,Finance,8/4/19,54.42,42.44,42.7
1193,Logistics,8/4/19,40.77,45.34,44.3
1923,IT,8/4/19,20.32,70.73,42.3
464,Finance,9/4/19,53.94,43.43,42.7
1194,Logistics,9/4/19,42.74,45.76,44.5
1924,IT,9/4/19,21.79,68.79,42.3
465,Finance,10/4/19,55.33,45.12,42.6
1195,Logistics,10/4/19,40.75,47.46,44.8
1925,IT,10/4/19,22.07,67.93,42.4
466,Finance,11/4/19,55.08,45.54,42.6
1196,Logistics,11/4/19,40.26,49.38,44.9
1926,IT,11/4/19,22.52,67.04,42.7
467,Finance,12/4/19,54.98,45.41,42.7
1197,Logistics,12/4/19,41.37,48.64,45.1
1927,IT,12/4/19,24.2,68.18,43
468,Finance,13/4/19,55.06,46.96,42.8
1198,Logistics,13/4/19,41.97,50.74,45.4
1928,IT,13/4/19,25.21,68.97,43.2
469,Finance,14/4/19,53.5,48.79,42.9
1199,Logistics,14/4/19,40.86,50.02,45.3
1929,IT,14/4/19,24.69,68.92,43.2
470,Finance,15/4/19,52.85,47.84,43
1200,Logistics,15/4/19,40.7,49.66,45.6
1930,IT,15/4/19,23.11,68.79,43.2
471,Finance,16/4/19,52.66,45.86,43.1
1201,Logistics,16/4/19,38.72,48.92,45.7
1931,IT,16/4/19,21.54,70.32,43.3
472,Finance,17/4/19,50.92,45.76,43
1202,Logistics,17/4/19,40.03,47.61,45.6
1932,IT,17/4/19,20.51,69.5,43.4
473,Finance,18/4/19,52.66,44.15,43.3
1203,Logistics,18/4/19,41.35,47.16,45.9
1933,IT,18/4/19,20.43,69.46,43.4
474,Finance,19/4/19,52.91,45.25,43.6
1204,Logistics,19/4/19,42.8,48.57,46
1934,IT,19/4/19,21.62,67.95,43.4
475,Finance,20/4/19,51.92,46.74,43.9
1205,Logistics,20/4/19,40.81,48.56,46.3
1935,IT,20/4/19,20.46,66.86,43.6
476,Finance,21/4/19,52.63,47.47,43.8
1206,Logistics,21/4/19,41.38,49.08,46.5
1936,IT,21/4/19,21.02,67.86,43.8
477,Finance,22/4/19,52.69,46.41,43.7
1207,Logistics,22/4/19,43.36,49.25,46.4
1937,IT,22/4/19,20.06,66.59,43.8
478,Finance,23/4/19,53.12,45.91,43.6
1208,Logistics,23/4/19,42.97,47.47,46.3
1938,IT,23/4/19,22.04,66.45,43.7
479,Finance,24/4/19,51.67,47.79,43.6
1209,Logistics,24/4/19,44.25,46.26,46.3
1939,IT,24/4/19,20.55,67.56,43.9
480,Finance,25/4/19,50.32,47.01,43.6
1210,Logistics,25/4/19,44.47,47.93,46.3
1940,IT,25/4/19,21.18,66.31,43.9
481,Finance,26/4/19,52,48.28,43.7
1211,Logistics,26/4/19,43.84,45.94,46.6
1941,IT,26/4/19,20.66,66.34,44
482,Finance,27/4/19,50.48,46.77,43.7
1212,Logistics,27/4/19,44.57,46.19,46.8
1942,IT,27/4/19,20.69,67.29,44
483,Finance,28/4/19,48.99,46.7,43.8
1213,Logistics,28/4/19,45.34,44.39,47.1
1943,IT,28/4/19,22.42,67.73,44.1
484,Finance,29/4/19,49,47.96,43.8
1214,Logistics,29/4/19,43.76,44.54,47.3
1944,IT,29/4/19,21.84,67.51,44.2
485,Finance,30/4/19,47.74,48.23,43.7
1215,Logistics,30/4/19,42.69,42.93,47.4
1945,IT,30/4/19,21.62,68.65,44.2
486,Finance,1/5/19,48.39,49.63,44
1216,Logistics,1/5/19,40.77,42.81,47.3
1946,IT,1/5/19,20.4,70.19,44.4
487,Finance,2/5/19,49.84,48.64,43.9
1217,Logistics,2/5/19,41.04,44.5,47.5
1947,IT,2/5/19,21.65,70.49,44.3
488,Finance,3/5/19,50.7,46.74,43.9
1218,Logistics,3/5/19,41.35,44.12,47.8
1948,IT,3/5/19,23.19,69.78,44.2
489,Finance,4/5/19,51.42,46.95,43.8
1219,Logistics,4/5/19,40.76,42.91,47.8
1949,IT,4/5/19,22.57,68.22,44.2
490,Finance,5/5/19,52.6,48.53,43.8
1220,Logistics,5/5/19,40.09,40.96,48.1
1950,IT,5/5/19,22.6,67.86,44.5
491,Finance,6/5/19,51.08,49.09,43.9
1221,Logistics,6/5/19,40.36,38.99,48.2
1951,IT,6/5/19,21.56,66.72,44.5
492,Finance,7/5/19,52.72,49.43,44
1222,Logistics,7/5/19,40,38.15,48.1
1952,IT,7/5/19,20.92,65.75,44.5
493,Finance,8/5/19,50.85,48.25,44.2
1223,Logistics,8/5/19,38.68,37.81,48.4
1953,IT,8/5/19,21.28,65.67,44.8
494,Finance,9/5/19,49.58,49.13,44.2
1224,Logistics,9/5/19,39.71,37.9,48.5
1954,IT,9/5/19,19.62,63.77,45.1
495,Finance,10/5/19,50.54,49.06,44.2
1225,Logistics,10/5/19,41.57,37.08,48.4
1955,IT,10/5/19,17.89,62.38,45.3
496,Finance,11/5/19,51.28,49.21,44.3
1226,Logistics,11/5/19,41.18,36.53,48.6
1956,IT,11/5/19,17.59,60.4,45.6
497,Finance,12/5/19,51.44,48.68,44.2
1227,Logistics,12/5/19,39.19,38.6,48.9
1957,IT,12/5/19,18.17,61.78,45.9
498,Finance,13/5/19,51.32,50.42,44.5
1228,Logistics,13/5/19,38.6,37.12,49
1958,IT,13/5/19,18.01,63.88,45.9
499,Finance,14/5/19,52.42,49.41,44.6
1229,Logistics,14/5/19,40.61,35.4,49.3
1959,IT,14/5/19,19.92,64.15,46.1
500,Finance,15/5/19,52.79,47.81,44.5
1230,Logistics,15/5/19,38.95,33.88,49.5
1960,IT,15/5/19,18.78,63.76,46.2
501,Finance,16/5/19,51.04,47.02,44.4
1231,Logistics,16/5/19,38.06,35.28,49.4
1961,IT,16/5/19,16.93,63.67,46.5
502,Finance,17/5/19,50.4,48.48,44.6
1232,Logistics,17/5/19,37.59,33.4,49.6
1962,IT,17/5/19,17.59,64.53,46.7
503,Finance,18/5/19,51.02,47.47,44.9
1233,Logistics,18/5/19,35.65,35.39,49.6
1963,IT,18/5/19,19.04,62.75,46.6
504,Finance,19/5/19,49.49,45.83,45.2
1234,Logistics,19/5/19,35.44,36.91,49.6
1964,IT,19/5/19,20.1,61.34,46.7
505,Finance,20/5/19,48.34,46.28,45.4
1235,Logistics,20/5/19,34.89,36.62,49.7
1965,IT,20/5/19,18.29,61.31,46.6
506,Finance,21/5/19,48.3,48.16,45.5
1236,Logistics,21/5/19,36.12,37.39,49.7
1966,IT,21/5/19,17.8,62.96,46.9
507,Finance,22/5/19,48.22,49.68,45.6
1237,Logistics,22/5/19,35.95,37.32,49.8
1967,IT,22/5/19,16.02,63.42,46.9
508,Finance,23/5/19,49.97,51.16,45.6
1238,Logistics,23/5/19,35.48,38.29,50
1968,IT,23/5/19,16.16,62.09,47
509,Finance,24/5/19,49.31,52.47,45.6
1239,Logistics,24/5/19,35.38,39.81,50.3
1969,IT,24/5/19,16.93,60.34,47.2
510,Finance,25/5/19,50.4,52.05,45.6
1240,Logistics,25/5/19,34.07,40.9,50.3
1970,IT,25/5/19,18.81,58.9,47.4
511,Finance,26/5/19,52.25,51.33,45.7
1241,Logistics,26/5/19,34.76,40.53,50.4
1971,IT,26/5/19,20.42,58.66,47.3
512,Finance,27/5/19,53.71,51.7,45.9
1242,Logistics,27/5/19,33.9,41.58,50.6
1972,IT,27/5/19,21.28,59.48,47.4
513,Finance,28/5/19,55.15,53.28,45.9
1243,Logistics,28/5/19,33.13,40.22,50.7
1973,IT,28/5/19,19.31,59.65,47.4
514,Finance,29/5/19,53.75,51.8,46
1244,Logistics,29/5/19,33.23,38.68,50.6
1974,IT,29/5/19,20.71,59.88,47.6
515,Finance,30/5/19,54.94,50.77,46.3
1245,Logistics,30/5/19,32.45,38.14,50.5
1975,IT,30/5/19,21.9,58.89,47.9
516,Finance,31/5/19,56.17,50.92,46.5
1246,Logistics,31/5/19,33.37,39.22,50.7
1976,IT,31/5/19,22.02,59.24,48.2
517,Finance,1/6/19,55.12,50.7,46.7
1247,Logistics,1/6/19,32.06,40.26,50.7
1977,IT,1/6/19,21.86,58.63,48.1
518,Finance,2/6/19,56.17,51.54,46.6
1248,Logistics,2/6/19,33.57,40.07,50.6
1978,IT,2/6/19,23.68,60.46,48.1
519,Finance,3/6/19,55.34,50.83,46.5
1249,Logistics,3/6/19,33.05,41.82,50.7
1979,IT,3/6/19,25.07,60.55,48.3
520,Finance,4/6/19,54.73,50.3,46.6
1250,Logistics,4/6/19,34.8,41.15,51
1980,IT,4/6/19,25.64,59.45,48.4
521,Finance,5/6/19,56.14,51.82,46.7
1251,Logistics,5/6/19,33.81,40.28,50.9
1981,IT,5/6/19,26.4,60.57,48.3
522,Finance,6/6/19,55.04,50.86,46.6
1252,Logistics,6/6/19,31.97,39.04,51.2
1982,IT,6/6/19,26,59.61,48.3
523,Finance,7/6/19,53.79,48.98,46.8
1253,Logistics,7/6/19,31.09,40.95,51.1
1983,IT,7/6/19,25.27,61.29,48.2
524,Finance,8/6/19,54.02,49.2,46.7
1254,Logistics,8/6/19,31.82,40.9,51.2
1984,IT,8/6/19,26.54,62.73,48.4
525,Finance,9/6/19,52.36,50.22,46.8
1255,Logistics,9/6/19,32.29,42.24,51.4
1985,IT,9/6/19,27.86,62.47,48.3
526,Finance,10/6/19,52.95,48.58,46.9
1256,Logistics,10/6/19,32.35,42.87,51.4
1986,IT,10/6/19,25.88,60.97,48.6
527,Finance,11/6/19,52.25,48.8,47.1
1257,Logistics,11/6/19,31.15,44.87,51.7
1987,IT,11/6/19,27.88,59.02,48.8
528,Finance,12/6/19,51,50.75,47.4
1258,Logistics,12/6/19,32.69,46.06,52
1988,IT,12/6/19,28.76,61.11,48.7
529,Finance,13/6/19,52.82,49.28,47.3
1259,Logistics,13/6/19,31.5,47.05,52.2
1989,IT,13/6/19,28.59,61.96,48.8
530,Finance,14/6/19,54.91,49.61,47.4
1260,Logistics,14/6/19,33.28,48.74,52.5
1990,IT,14/6/19,26.67,61.77,48.9
531,Finance,15/6/19,55.39,51.24,47.6
1261,Logistics,15/6/19,34.42,47.4,52.8
1991,IT,15/6/19,25.66,62.35,49
532,Finance,16/6/19,57.01,49.65,47.6
1262,Logistics,16/6/19,36.36,46.39,52.7
1992,IT,16/6/19,26.32,64.35,48.9
533,Finance,17/6/19,58.87,50.27,47.8
1263,Logistics,17/6/19,35.35,47.27,52.8
1993,IT,17/6/19,27.05,66.37,48.8
534,Finance,18/6/19,59.32,49.73,48
1264,Logistics,18/6/19,35.03,48.42,52.9
1994,IT,18/6/19,28.75,65.35,48.8
535,Finance,19/6/19,59.05,50.45,48.3
1265,Logistics,19/6/19,33.89,47.9,53.2
1995,IT,19/6/19,28.66,66.09,49
536,Finance,20/6/19,57.58,48.71,48.5
1266,Logistics,20/6/19,35.35,46.34,53.1
1996,IT,20/6/19,28.25,65.17,49.2
537,Finance,21/6/19,56.96,47.49,48.7
1267,Logistics,21/6/19,33.7,46.2,53.1
1997,IT,21/6/19,28.58,65.66,49.1
538,Finance,22/6/19,56.95,46.12,48.7
1268,Logistics,22/6/19,35.18,46.51,53.2
1998,IT,22/6/19,28.09,63.86,49.3
539,Finance,23/6/19,57.92,45.9,48.8
1269,Logistics,23/6/19,35.13,48.61,53.2
1999,IT,23/6/19,30.03,65.11,49.3
540,Finance,24/6/19,55.92,45.13,48.8
1270,Logistics,24/6/19,35.88,50.47,53.2
2000,IT,24/6/19,28.34,66.62,49.4
541,Finance,25/6/19,53.92,45.04,49.1
1271,Logistics,25/6/19,37.2,50.86,53.2
2001,IT,25/6/19,26.61,67.5,49.5
542,Finance,26/6/19,55.65,44.01,49.1
1272,Logistics,26/6/19,38.96,51.98,53.5
2002,IT,26/6/19,28.17,69.27,49.6
543,Finance,27/6/19,55.15,43.74,49.1
1273,Logistics,27/6/19,38,50.65,53.4
2003,IT,27/6/19,26.29,67.73,49.9
544,Finance,28/6/19,56.51,43.87,49.1
1274,Logistics,28/6/19,37.67,49.08,53.7
2004,IT,28/6/19,28.21,68.12,49.8
545,Finance,29/6/19,58.56,45.32,49.2
1275,Logistics,29/6/19,36.09,49.26,53.8
2005,IT,29/6/19,27.77,66.62,49.8
546,Finance,30/6/19,58.57,43.43,49.1
1276,Logistics,30/6/19,35.17,49.8,53.8
2006,IT,30/6/19,27.6,66.96,49.7
547,Finance,1/7/19,56.62,42.39,49.4
1277,Logistics,1/7/19,35.54,51.52,54
2007,IT,1/7/19,28.78,68.17,49.6
548,Finance,2/7/19,55.29,42.04,49.3
1278,Logistics,2/7/19,37.44,52.97,54.1
2008,IT,2/7/19,27.94,68.58,49.5
549,Finance,3/7/19,57.03,44.1,49.5
1279,Logistics,3/7/19,37.17,52.85,54.4
2009,IT,3/7/19,28.99,70.15,49.8
550,Finance,4/7/19,58.58,42.22,49.7
1280,Logistics,4/7/19,38.41,53.95,54.5
2010,IT,4/7/19,29.73,69,49.8
551,Finance,5/7/19,58.99,42.11,49.7
1281,Logistics,5/7/19,40.2,55.62,54.8
2011,IT,5/7/19,28.09,67.43,49.7
552,Finance,6/7/19,58.84,43.35,50
1282,Logistics,6/7/19,39.1,54.69,54.9
2012,IT,6/7/19,29.56,65.94,49.8
553,Finance,7/7/19,59.3,43.89,49.9
1283,Logistics,7/7/19,37.95,54.18,55.1
2013,IT,7/7/19,29.6,67.02,50.1
554,Finance,8/7/19,58.95,45.78,50.2
1284,Logistics,8/7/19,39.5,53.08,55.1
2014,IT,8/7/19,28.74,66.19,50.3
555,Finance,9/7/19,59.18,44.58,50.2
1285,Logistics,9/7/19,41.52,53.82,55
2015,IT,9/7/19,29.22,65.73,50.2
556,Finance,10/7/19,58.45,43.09,50.1
1286,Logistics,10/7/19,42.96,54.75,55.2
2016,IT,10/7/19,30.77,66.02,50.4
557,Finance,11/7/19,59.44,44.98,50.2
1287,Logistics,11/7/19,44.39,56.06,55.4
2017,IT,11/7/19,30.66,66.12,50.5
558,Finance,12/7/19,59.83,45.92,50.5
1288,Logistics,12/7/19,45.87,54.42,55.3
2018,IT,12/7/19,31.96,67.94,50.5
559,Finance,13/7/19,60.57,45.16,50.6
1289,Logistics,13/7/19,43.92,53.65,55.6
2019,IT,13/7/19,32.17,67.14,50.8
560,Finance,14/7/19,61.42,43.19,50.9
1290,Logistics,14/7/19,44.2,54.52,55.7
2020,IT,14/7/19,33.59,65.99,51
561,Finance,15/7/19,62.94,43.24,51.2
1291,Logistics,15/7/19,43.84,53.02,56
2021,IT,15/7/19,32.96,67.69,51.1
562,Finance,16/7/19,61.79,44.95,51.5
1292,Logistics,16/7/19,41.98,53.33,55.9
2022,IT,16/7/19,31.09,68.96,51
563,Finance,17/7/19,62.02,45.11,51.7
1293,Logistics,17/7/19,42.33,52.54,55.9
2023,IT,17/7/19,29.18,70.14,50.9
564,Finance,18/7/19,60.36,45.72,51.9
1294,Logistics,18/7/19,40.94,52.56,56.2
2024,IT,18/7/19,27.89,71.68,50.8
565,Finance,19/7/19,58.82,46.31,51.8
1295,Logistics,19/7/19,40.78,50.85,56.2
2025,IT,19/7/19,28.38,71.49,50.8
566,Finance,20/7/19,59.27,47.8,51.9
1296,Logistics,20/7/19,39.52,51.46,56.4
2026,IT,20/7/19,26.69,72.07,50.8
567,Finance,21/7/19,58.9,49.36,52.1
1297,Logistics,21/7/19,39.32,52.93,56.7
2027,IT,21/7/19,26.02,70.21,50.9
568,Finance,22/7/19,59.73,50.85,52.3
1298,Logistics,22/7/19,37.49,54.27,56.9
2028,IT,22/7/19,26.2,70.44,50.8
569,Finance,23/7/19,60.47,49.22,52.4
1299,Logistics,23/7/19,37.55,53.55,57
2029,IT,23/7/19,26.18,71.47,50.8
570,Finance,24/7/19,61.04,47.96,52.5
1300,Logistics,24/7/19,38.07,55.33,57
2030,IT,24/7/19,24.53,70.19,51
571,Finance,25/7/19,62.91,46.62,52.4
1301,Logistics,25/7/19,36.46,57.15,57.1
2031,IT,25/7/19,26.35,68.67,51
572,Finance,26/7/19,61.28,48.71,52.7
1302,Logistics,26/7/19,37.2,56.32,57
2032,IT,26/7/19,25.39,70.17,51.1
573,Finance,27/7/19,59.58,47.49,53
1303,Logistics,27/7/19,37.39,57.65,57.1
2033,IT,27/7/19,26.18,70.61,51.4
574,Finance,28/7/19,60.53,47.57,53.3
1304,Logistics,28/7/19,36.93,59.42,57.4
2034,IT,28/7/19,24.42,71.93,51.6
575,Finance,29/7/19,59.58,49.09,53.6
1305,Logistics,29/7/19,36.27,59.02,57.5
2035,IT,29/7/19,25.27,72.4,51.8
576,Finance,30/7/19,60.65,51.09,53.8
1306,Logistics,30/7/19,34.32,59.75,57.4
2036,IT,30/7/19,24.94,72.7,51.7
577,Finance,31/7/19,61.9,51.98,54.1
1307,Logistics,31/7/19,34.93,58.29,57.5
2037,IT,31/7/19,23.9,71.39,51.8
578,Finance,1/8/19,62.49,51.24,54
1308,Logistics,1/8/19,34.62,56.36,57.7
2038,IT,1/8/19,23.51,73.39,51.9
579,Finance,2/8/19,62.92,53.04,53.9
1309,Logistics,2/8/19,35.77,55,57.9
2039,IT,2/8/19,22.81,73.08,51.9
580,Finance,3/8/19,63.02,52.24,54
1310,Logistics,3/8/19,36.03,53.46,58
2040,IT,3/8/19,21.53,74.11,51.8
581,Finance,4/8/19,62.11,53.21,54
1311,Logistics,4/8/19,37.52,53.4,58.2
2041,IT,4/8/19,22.09,74.92,51.7
582,Finance,5/8/19,64.18,53.73,54.2
1312,Logistics,5/8/19,37.95,55.49,58.5
2042,IT,5/8/19,23.46,74.46,52
583,Finance,6/8/19,64.03,53.17,54.1
1313,Logistics,6/8/19,38.78,57.22,58.6
2043,IT,6/8/19,23.73,72.9,52.1
584,Finance,7/8/19,64.86,52.81,54.1
1314,Logistics,7/8/19,37.16,57.54,58.5
2044,IT,7/8/19,24.47,74.84,52
585,Finance,8/8/19,66.64,51.21,54.4
1315,Logistics,8/8/19,36.76,57.87,58.4
2045,IT,8/8/19,24.45,76.83,52.3
586,Finance,9/8/19,65.5,50.44,54.6
1316,Logistics,9/8/19,36.03,58.22,58.5
2046,IT,9/8/19,25.1,78.25,52.2
587,Finance,10/8/19,65.07,52.23,54.9
1317,Logistics,10/8/19,36.76,57.94,58.8
2047,IT,10/8/19,25.82,79.14,52.5
588,Finance,11/8/19,65.82,52.46,54.8
1318,Logistics,11/8/19,35.58,57.79,58.7
2048,IT,11/8/19,24.86,77.86,52.6
589,Finance,12/8/19,65.36,53.69,54.9
1319,Logistics,12/8/19,35.26,59.81,58.9
2049,IT,12/8/19,25.8,77.22,52.7
590,Finance,13/8/19,63.75,52.73,55.2
1320,Logistics,13/8/19,35.01,59.8,59.2
2050,IT,13/8/19,24.46,75.46,52.8
591,Finance,14/8/19,64.95,52.44,55.4
1321,Logistics,14/8/19,36.22,61.64,59.2
2051,IT,14/8/19,24.03,77.05,52.8
592,Finance,15/8/19,64.99,54.26,55.7
1322,Logistics,15/8/19,36.42,61.2,59.5
2052,IT,15/8/19,24.8,76.04,53.1
593,Finance,16/8/19,63.36,54.32,56
1323,Logistics,16/8/19,36.39,60.33,59.5
2053,IT,16/8/19,25.56,74.58,53.4
594,Finance,17/8/19,62.59,56.36,56.3
1324,Logistics,17/8/19,36.97,61.72,59.7
2054,IT,17/8/19,25.19,73.31,53.4
595,Finance,18/8/19,63.76,55.86,56.5
1325,Logistics,18/8/19,35.9,62.54,59.8
2055,IT,18/8/19,25.39,73.43,53.3
596,Finance,19/8/19,62.91,56.97,56.6
1326,Logistics,19/8/19,35.99,64.01,60
2056,IT,19/8/19,24.3,71.66,53.3
597,Finance,20/8/19,64.46,58.55,56.6
1327,Logistics,20/8/19,34.18,63.57,59.9
2057,IT,20/8/19,25.39,73.37,53.2
598,Finance,21/8/19,63.32,58.91,56.9
1328,Logistics,21/8/19,34.18,63.39,59.9
2058,IT,21/8/19,26.17,74.76,53.4
599,Finance,22/8/19,62.26,58.1,56.9
1329,Logistics,22/8/19,35.33,63.56,59.8
2059,IT,22/8/19,27.57,75.04,53.6
600,Finance,23/8/19,61.45,59.58,56.9
1330,Logistics,23/8/19,37.33,62.4,59.7
2060,IT,23/8/19,26.56,73.61,53.9
601,Finance,24/8/19,62.08,60.51,57.2
1331,Logistics,24/8/19,36.57,62.19,59.6
2061,IT,24/8/19,25.68,75.1,53.9
602,Finance,25/8/19,63.62,58.55,57.1
1332,Logistics,25/8/19,37.2,60.4,59.8
2062,IT,25/8/19,26.1,73.72,54
603,Finance,26/8/19,63.31,56.75,57
1333,Logistics,26/8/19,36.59,60.86,60.1
2063,IT,26/8/19,26.5,75.63,54
604,Finance,27/8/19,64.71,57.88,57
1334,Logistics,27/8/19,36.62,59.26,60.4
2064,IT,27/8/19,25.6,76.17,54
605,Finance,28/8/19,64.73,57.3,57.3
1335,Logistics,28/8/19,35.92,58.89,60.4
2065,IT,28/8/19,25.3,78.12,54.2
606,Finance,29/8/19,64.98,55.34,57.3
1336,Logistics,29/8/19,34.19,59.91,60.3
2066,IT,29/8/19,26.77,78.18,54.1
607,Finance,30/8/19,63.71,56.81,57.6
1337,Logistics,30/8/19,35.29,60.77,60.3
2067,IT,30/8/19,27.78,76.28,54.2
608,Finance,31/8/19,62.64,57.2,57.6
1338,Logistics,31/8/19,36.72,62.56,60.4
2068,IT,31/8/19,26.11,75.82,54.1
609,Finance,1/9/19,64.13,58.83,57.8
1339,Logistics,1/9/19,35.33,61.92,60.3
2069,IT,1/9/19,27.65,75.5,54.1
610,Finance,2/9/19,66.13,58.76,58
1340,Logistics,2/9/19,33.62,63.95,60.3
2070,IT,2/9/19,26.96,73.55,54.1
611,Finance,3/9/19,64.46,58.5,58.1
1341,Logistics,3/9/19,33.47,64.55,60.3
2071,IT,3/9/19,27.9,75.05,54.4
612,Finance,4/9/19,66.37,59.31,58.3
1342,Logistics,4/9/19,35.44,62.99,60.4
2072,IT,4/9/19,26.03,76.03,54.7
613,Finance,5/9/19,66.99,60.12,58.2
1343,Logistics,5/9/19,37.29,61.45,60.4
2073,IT,5/9/19,27.02,75.33,54.7
614,Finance,6/9/19,65.32,61.56,58.1
1344,Logistics,6/9/19,36.32,61.7,60.3
2074,IT,6/9/19,27.87,75.28,55
615,Finance,7/9/19,65.33,59.62,58
1345,Logistics,7/9/19,36.48,60.35,60.3
2075,IT,7/9/19,27.12,74.28,55.1
616,Finance,8/9/19,66.7,59.21,58.2
1346,Logistics,8/9/19,35.63,61.36,60.4
2076,IT,8/9/19,25.88,75.19,55.4
617,Finance,9/9/19,67.97,58.7,58.4
1347,Logistics,9/9/19,34.73,59.98,60.3
2077,IT,9/9/19,24.27,74.27,55.3
618,Finance,10/9/19,69.56,57.82,58.5
1348,Logistics,10/9/19,34.24,61.64,60.6
2078,IT,10/9/19,25.69,75.63,55.3
619,Finance,11/9/19,70.37,58.33,58.5
1349,Logistics,11/9/19,35.33,62.17,60.6
2079,IT,11/9/19,26.67,77.29,55.5
620,Finance,12/9/19,70.17,59.48,58.5
1350,Logistics,12/9/19,36.31,61.21,60.6
2080,IT,12/9/19,25.46,77.17,55.6
621,Finance,13/9/19,69.1,60.23,58.8
1351,Logistics,13/9/19,37.87,60.94,60.8
2081,IT,13/9/19,24.33,78.05,55.7
622,Finance,14/9/19,70.27,58.88,58.8
1352,Logistics,14/9/19,36.31,61.78,60.8
2082,IT,14/9/19,24.37,76.43,55.9
623,Finance,15/9/19,71.65,58.93,58.7
1353,Logistics,15/9/19,35.38,62.37,60.8
2083,IT,15/9/19,25.08,76.44,56
624,Finance,16/9/19,72.18,59.61,58.6
1354,Logistics,16/9/19,36.68,60.69,61.1
2084,IT,16/9/19,25.9,76.91,55.9
625,Finance,17/9/19,71.98,57.88,58.7
1355,Logistics,17/9/19,34.79,59.16,61.3
2085,IT,17/9/19,25.38,78.47,55.8
626,Finance,18/9/19,70.96,58.18,58.6
1356,Logistics,18/9/19,33.91,60.15,61.2
2086,IT,18/9/19,25.91,78.23,55.9
627,Finance,19/9/19,69.81,58.53,58.8
1357,Logistics,19/9/19,34.27,62.21,61.5
2087,IT,19/9/19,24.68,77.06,56.1
628,Finance,20/9/19,68.32,56.86,58.9
1358,Logistics,20/9/19,33.56,62.36,61.5
2088,IT,20/9/19,23.71,75.48,56.3
629,Finance,21/9/19,67.67,57.05,58.8
1359,Logistics,21/9/19,35.06,62.64,61.4
2089,IT,21/9/19,22.38,73.54,56.6
630,Finance,22/9/19,68.25,55.64,58.9
1360,Logistics,22/9/19,35.54,64.47,61.5
2090,IT,22/9/19,22.57,74.19,56.8
631,Finance,23/9/19,69.44,55.66,59.2
1361,Logistics,23/9/19,33.71,66.43,61.7
2091,IT,23/9/19,23.68,72.23,56.7
632,Finance,24/9/19,68.07,56.39,59.5
1362,Logistics,24/9/19,31.94,64.76,61.8
2092,IT,24/9/19,24.7,71.11,56.7
633,Finance,25/9/19,67.97,58.25,59.7
1363,Logistics,25/9/19,34.03,65.11,62.1
2093,IT,25/9/19,24.12,69.94,56.9
634,Finance,26/9/19,69.84,59.31,59.7
1364,Logistics,26/9/19,34.55,64.24,62
2094,IT,26/9/19,26.03,69.67,57.2
635,Finance,27/9/19,70.96,61.31,59.9
1365,Logistics,27/9/19,35.54,65.2,62.1
2095,IT,27/9/19,24.16,70.19,57.3
636,Finance,28/9/19,72.07,60.78,59.9
1366,Logistics,28/9/19,35.73,63.21,62.3
2096,IT,28/9/19,23.22,72.06,57.5
637,Finance,29/9/19,73.63,60.18,60
1367,Logistics,29/9/19,37.08,62.05,62.4
2097,IT,29/9/19,23.52,70.86,57.7
638,Finance,30/9/19,72.77,62.03,59.9
1368,Logistics,30/9/19,35.27,61.57,62.4
2098,IT,30/9/19,24.35,71.92,58
639,Finance,1/10/19,74.72,60.24,60
1369,Logistics,1/10/19,34.64,62.22,62.4
2099,IT,1/10/19,24.9,70.05,57.9
640,Finance,2/10/19,75.48,59.86,60.2
1370,Logistics,2/10/19,35.26,63.79,62.3
2100,IT,2/10/19,24.46,69.07,57.9
641,Finance,3/10/19,74.54,59.62,60.3
1371,Logistics,3/10/19,35.11,63.75,62.2
2101,IT,3/10/19,24.24,67.4,57.9
642,Finance,4/10/19,76.46,58.64,60.5
1372,Logistics,4/10/19,37.14,63.72,62.4
2102,IT,4/10/19,22.62,65.98,58.2
643,Finance,5/10/19,75.95,59.55,60.8
1373,Logistics,5/10/19,36.88,63.3,62.5
2103,IT,5/10/19,23.51,64.23,58.1
644,Finance,6/10/19,74.6,59.1,61.1
1374,Logistics,6/10/19,38.31,62.25,62.8
2104,IT,6/10/19,21.89,62.48,58.3
645,Finance,7/10/19,75.61,59.14,61.2
1375,Logistics,7/10/19,37.32,62.81,63
2105,IT,7/10/19,23.54,60.95,58.5
646,Finance,8/10/19,76.82,57.62,61.2
1376,Logistics,8/10/19,37.54,62.6,63
2106,IT,8/10/19,25.11,61.2,58.5
647,Finance,9/10/19,75.4,59.3,61.1
1377,Logistics,9/10/19,39.59,62.4,63.1
2107,IT,9/10/19,23.22,60.36,58.8
648,Finance,10/10/19,73.82,58.79,61.1
1378,Logistics,10/10/19,38.63,63.6,63
2108,IT,10/10/19,24.01,59.27,58.9
649,Finance,11/10/19,75.76,59.03,61
1379,Logistics,11/10/19,40.31,65.17,63.1
2109,IT,11/10/19,25.35,60.41,58.8
650,Finance,12/10/19,76.36,60.62,61.3
1380,Logistics,12/10/19,40.2,64.35,63.1
2110,IT,12/10/19,25.65,61.28,58.9
651,Finance,13/10/19,78.42,62.02,61.3
1381,Logistics,13/10/19,39.07,65.71,63.1
2111,IT,13/10/19,24.54,62.27,59
652,Finance,14/10/19,76.47,63.38,61.5
1382,Logistics,14/10/19,37.18,63.79,63.4
2112,IT,14/10/19,25.82,63.65,58.9
653,Finance,15/10/19,74.56,62.56,61.8
1383,Logistics,15/10/19,37.44,63.62,63.3
2113,IT,15/10/19,26.78,64.41,59
654,Finance,16/10/19,76.31,60.69,61.9
1384,Logistics,16/10/19,35.5,62.95,63.6
2114,IT,16/10/19,27.75,64,59.2
655,Finance,17/10/19,77.18,59.66,61.8
1385,Logistics,17/10/19,36.07,61.75,63.9
2115,IT,17/10/19,28.61,63.36,59.3
656,Finance,18/10/19,78,59.36,62
1386,Logistics,18/10/19,37.61,61.67,63.9
2116,IT,18/10/19,28.43,63.1,59.4
657,Finance,19/10/19,79.98,59.69,62.2
1387,Logistics,19/10/19,38.03,60.79,64.2
2117,IT,19/10/19,29.98,61.55,59.4
658,Finance,20/10/19,81.39,57.93,62.2
1388,Logistics,20/10/19,37.43,61.92,64.3
2118,IT,20/10/19,28.1,60.75,59.3
659,Finance,21/10/19,79.42,58.33,62.2
1389,Logistics,21/10/19,35.58,63.47,64.2
2119,IT,21/10/19,29.27,58.93,59.2
660,Finance,22/10/19,79.95,57.98,62.2
1390,Logistics,22/10/19,33.98,64.75,64.4
2120,IT,22/10/19,31.1,59.06,59.1
661,Finance,23/10/19,80.69,56.4,62.2
1391,Logistics,23/10/19,33.58,63.71,64.6
2121,IT,23/10/19,29.56,58.11,59.2
662,Finance,24/10/19,81.39,55.72,62.1
1392,Logistics,24/10/19,32.94,62.63,64.6
2122,IT,24/10/19,30.22,59.44,59.2
663,Finance,25/10/19,83.36,54.94,62.2
1393,Logistics,25/10/19,31.72,61.28,64.6
2123,IT,25/10/19,32.26,58.75,59.1
664,Finance,26/10/19,84.37,55.33,62.3
1394,Logistics,26/10/19,31.44,62.05,64.8
2124,IT,26/10/19,30.67,58.36,59.1
665,Finance,27/10/19,82.98,54.47,62.6
1395,Logistics,27/10/19,30.58,62.82,64.9
2125,IT,27/10/19,28.89,57.28,59.3
666,Finance,28/10/19,84.52,56.27,62.5
1396,Logistics,28/10/19,29.11,61.71,64.8
2126,IT,28/10/19,30.23,56.86,59.5
667,Finance,29/10/19,84.38,57.62,62.8
1397,Logistics,29/10/19,28.61,61.95,65
2127,IT,29/10/19,30.34,57.68,59.5
668,Finance,30/10/19,84.31,59.12,62.7
1398,Logistics,30/10/19,30.69,62.86,65.3
2128,IT,30/10/19,28.84,56.64,59.8
669,Finance,31/10/19,86.18,60.73,63
1399,Logistics,31/10/19,31.04,64.05,65.6
2129,IT,31/10/19,30.42,57.5,59.8
670,Finance,1/11/19,85.87,60.53,62.9
1400,Logistics,1/11/19,32.57,65.36,65.9
2130,IT,1/11/19,29.55,58.94,59.7
671,Finance,2/11/19,85.7,61.59,62.8
1401,Logistics,2/11/19,32.96,65.43,66
2131,IT,2/11/19,27.94,58.85,59.6
672,Finance,3/11/19,85,62.53,62.9
1402,Logistics,3/11/19,33.64,65,66.2
2132,IT,3/11/19,29.33,57.18,59.6
673,Finance,4/11/19,83.88,63.11,62.8
1403,Logistics,4/11/19,34.82,63.5,66.3
2133,IT,4/11/19,30.66,57.64,59.8
674,Finance,5/11/19,82.63,63.46,62.9
1404,Logistics,5/11/19,33.54,64.16,66.2
2134,IT,5/11/19,30.91,59.74,59.9
675,Finance,6/11/19,83.77,64.96,62.9
1405,Logistics,6/11/19,32.51,62.24,66.5
2135,IT,6/11/19,31.95,61.28,60
676,Finance,7/11/19,81.95,64.26,62.9
1406,Logistics,7/11/19,33.6,61.58,66.8
2136,IT,7/11/19,33.23,61.71,60.3
677,Finance,8/11/19,82.86,63.6,62.8
1407,Logistics,8/11/19,35.09,60.6,67
2137,IT,8/11/19,33.59,60.47,60.4
678,Finance,9/11/19,83.52,64.93,62.7
1408,Logistics,9/11/19,34.43,61.21,67
2138,IT,9/11/19,34.95,60.43,60.3
679,Finance,10/11/19,83.14,63.35,62.6
1409,Logistics,10/11/19,35.23,60.28,67.1
2139,IT,10/11/19,36.36,62.38,60.2
680,Finance,11/11/19,83.76,65.13,62.7
1410,Logistics,11/11/19,33.37,58.77,67.1
2140,IT,11/11/19,37.6,63.83,60.1
681,Finance,12/11/19,84.13,66.88,62.7
1411,Logistics,12/11/19,31.49,58.47,67.1
2141,IT,12/11/19,38.64,62.3,60.2
682,Finance,13/11/19,84.8,66.55,62.8
1412,Logistics,13/11/19,32.04,58.75,67.3
2142,IT,13/11/19,37.92,63.71,60.4
683,Finance,14/11/19,84.55,66.56,63.1
1413,Logistics,14/11/19,31.19,57.47,67.5
2143,IT,14/11/19,37.09,62.33,60.7
684,Finance,15/11/19,86.5,68.47,63.4
1414,Logistics,15/11/19,30.58,57.51,67.4
2144,IT,15/11/19,36.52,63.82,60.9
685,Finance,16/11/19,85.58,69.4,63.6
1415,Logistics,16/11/19,29.24,57.91,67.5
2145,IT,16/11/19,34.64,63.26,60.8
686,Finance,17/11/19,87.52,68.08,63.6
1416,Logistics,17/11/19,29.68,59.84,67.8
2146,IT,17/11/19,35.4,63.92,61
687,Finance,18/11/19,88.21,66.16,63.8
1417,Logistics,18/11/19,28.07,57.99,67.7
2147,IT,18/11/19,36.03,65.01,61
688,Finance,19/11/19,88.58,65.73,64.1
1418,Logistics,19/11/19,27.08,57.93,67.6
2148,IT,19/11/19,36.99,63.88,60.9
689,Finance,20/11/19,89.19,66.16,64.4
1419,Logistics,20/11/19,28.6,56.02,67.8
2149,IT,20/11/19,38.75,62.72,61.1
690,Finance,21/11/19,87.81,67.21,64.7
1420,Logistics,21/11/19,27.82,54.85,68
2150,IT,21/11/19,39.46,64.63,61.2
691,Finance,22/11/19,87.02,68.97,64.7
1421,Logistics,22/11/19,26.46,54.33,68.2
2151,IT,22/11/19,41.56,65.53,61.3
692,Finance,23/11/19,85.85,67.56,65
1422,Logistics,23/11/19,25.14,55.01,68.5
2152,IT,23/11/19,39.66,67.63,61.3
693,Finance,24/11/19,87.55,69.46,65.3
1423,Logistics,24/11/19,25.01,54.63,68.5
2153,IT,24/11/19,41.52,68.18,61.5
694,Finance,25/11/19,86.29,70.8,65.5
1424,Logistics,25/11/19,24.62,56.42,68.6
2154,IT,25/11/19,42.7,69.82,61.5
695,Finance,26/11/19,86.77,68.9,65.8
1425,Logistics,26/11/19,25.54,56.31,68.6
2155,IT,26/11/19,43.68,69.92,61.7
696,Finance,27/11/19,88.32,70.4,66
1426,Logistics,27/11/19,24.15,56.92,68.5
2156,IT,27/11/19,44.88,70.53,61.8
697,Finance,28/11/19,88.58,69.06,65.9
1427,Logistics,28/11/19,25.06,56.36,68.5
2157,IT,28/11/19,44.63,72.6,61.8
698,Finance,29/11/19,87.5,69.42,65.8
1428,Logistics,29/11/19,24.83,57.14,68.6
2158,IT,29/11/19,46,72.15,61.8
699,Finance,30/11/19,88.31,70.8,65.8
1429,Logistics,30/11/19,25.56,55.9,68.6
2159,IT,30/11/19,44.04,71.08,62.1
700,Finance,1/12/19,88.23,71.14,65.9
1430,Logistics,1/12/19,23.93,54.84,68.7
2160,IT,1/12/19,42.34,69.21,62.3
701,Finance,2/12/19,87.25,69.14,65.8
1431,Logistics,2/12/19,22.39,56.9,68.6
2161,IT,2/12/19,41.22,67.54,62.4
702,Finance,3/12/19,87.11,68.24,66.1
1432,Logistics,3/12/19,22.52,56.55,68.9
2162,IT,3/12/19,42.09,68.68,62.3
703,Finance,4/12/19,85.96,67.39,66.1
1433,Logistics,4/12/19,23.79,55.06,69
2163,IT,4/12/19,42.8,67.7,62.4
704,Finance,5/12/19,86.08,66.18,66.3
1434,Logistics,5/12/19,23.77,53.57,69.1
2164,IT,5/12/19,44.65,69.03,62.5
705,Finance,6/12/19,87.23,67.49,66.3
1435,Logistics,6/12/19,25.01,52.96,69.1
2165,IT,6/12/19,46.25,69.64,62.4
706,Finance,7/12/19,86.51,69.36,66.4
1436,Logistics,7/12/19,25.58,51.84,69.2
2166,IT,7/12/19,45.36,69.95,62.7
707,Finance,8/12/19,87.9,69.35,66.7
1437,Logistics,8/12/19,25.29,51.07,69.3
2167,IT,8/12/19,43.4,71.42,62.6
708,Finance,9/12/19,89.53,68.85,67
1438,Logistics,9/12/19,24.8,51.59,69.3
2168,IT,9/12/19,44.86,73.09,62.9
709,Finance,10/12/19,90.92,69.67,67
1439,Logistics,10/12/19,23.95,50.76,69.3
2169,IT,10/12/19,46.02,73.64,62.9
710,Finance,11/12/19,92.47,70.52,67.1
1440,Logistics,11/12/19,25.3,51.45,69.5
2170,IT,11/12/19,44.47,71.94,62.8
711,Finance,12/12/19,93.85,70.84,67.2
1441,Logistics,12/12/19,26.94,53.3,69.5
2171,IT,12/12/19,45.78,73.96,63.1
712,Finance,13/12/19,95.09,71.04,67.3
1442,Logistics,13/12/19,28.4,55.11,69.7
2172,IT,13/12/19,44.55,72.07,63.2
713,Finance,14/12/19,94.13,70.01,67.6
1443,Logistics,14/12/19,30.17,57.03,69.6
2173,IT,14/12/19,43.39,70.31,63.5
714,Finance,15/12/19,96.06,68.43,67.8
1444,Logistics,15/12/19,31.43,58.91,69.9
2174,IT,15/12/19,45.09,69.26,63.8
715,Finance,16/12/19,94.41,68.28,68
1445,Logistics,16/12/19,29.5,60.73,70.2
2175,IT,16/12/19,43.91,68.12,63.9
716,Finance,17/12/19,92.67,70.07,68.2
1446,Logistics,17/12/19,28.58,60.14,70.5
2176,IT,17/12/19,45.41,66.89,63.8
717,Finance,18/12/19,91.7,68.84,68.5
1447,Logistics,18/12/19,29.9,60.1,70.4
2177,IT,18/12/19,45.21,68.71,63.7
718,Finance,19/12/19,92.74,67.32,68.4
1448,Logistics,19/12/19,31.4,60.08,70.3
2178,IT,19/12/19,44.18,69.86,63.7
719,Finance,20/12/19,92.33,66.42,68.7
1449,Logistics,20/12/19,29.65,60.61,70.5
2179,IT,20/12/19,44.59,70,63.7
720,Finance,21/12/19,92.36,68.39,68.9
1450,Logistics,21/12/19,31.39,59,70.5
2180,IT,21/12/19,45.25,70.57,64
721,Finance,22/12/19,92.28,67.92,69
1451,Logistics,22/12/19,31.93,57.53,70.4
2181,IT,22/12/19,47.26,72.01,63.9
722,Finance,23/12/19,93.05,67.93,69.1
1452,Logistics,23/12/19,32.26,57.54,70.4
2182,IT,23/12/19,46.79,70.72,64.2
723,Finance,24/12/19,91.89,66.24,69.3
1453,Logistics,24/12/19,32.48,55.84,70.7
2183,IT,24/12/19,46.37,72.59,64.2
724,Finance,25/12/19,91.9,67.94,69.6
1454,Logistics,25/12/19,30.86,56.3,70.7
2184,IT,25/12/19,46.93,71.96,64.2
725,Finance,26/12/19,90.94,67.85,69.5
1455,Logistics,26/12/19,30.04,56.3,70.8
2185,IT,26/12/19,46.28,73.47,64.1
726,Finance,27/12/19,91.89,67.07,69.8
1456,Logistics,27/12/19,30.9,55.26,70.9
2186,IT,27/12/19,45.91,74.27,64
727,Finance,28/12/19,91.05,65.76,69.9
1457,Logistics,28/12/19,28.92,55.05,71
2187,IT,28/12/19,47.41,73.84,64.1
728,Finance,29/12/19,92.56,64.37,70
1458,Logistics,29/12/19,27.2,54.39,71.2
2188,IT,29/12/19,45.94,72.55,64.2
729,Finance,30/12/19,92.36,64.86,70.3
1459,Logistics,30/12/19,28.39,55.65,71.5
2189,IT,30/12/19,46.95,73.65,64.4
730,Finance,31/12/19,91.89,64.94,70.2
1460,Logistics,31/12/19,29.57,55.45,71.5
2190,IT,31/12/19,48.41,71.85,64.4